current_time,t_ms,raw_flow,flow_Lmin,raw_press,press_MPa,pwm1_cur,pwm2_cur,pwm3_cur
17:29:09,100,207,0.192,223,0.0214,0,0,0
17:29:09,150,209,0.435,222,0.0202,0,0,0
17:29:09,200,208,0.314,223,0.0214,0,0,0
17:29:09,250,208,0.314,222,0.0202,0,0,0
17:29:09,300,208,0.314,222,0.0202,0,0,0
17:29:09,350,209,0.435,223,0.0214,0,0,0
17:29:09,400,208,0.314,223,0.0214,0,0,0
17:29:09,450,208,0.314,222,0.0202,0,0,0
17:29:09,500,208,0.314,222,0.0202,0,0,0
17:29:09,550,208,0.314,222,0.0202,0,0,0
17:29:10,600,212,0.801,223,0.0214,0,0,0
17:29:10,650,208,0.314,222,0.0202,0,0,0
17:29:10,700,209,0.435,222,0.0202,0,0,0
17:29:10,750,208,0.314,222,0.0202,0,0,0
17:29:10,800,208,0.314,222,0.0202,0,0,0
17:29:10,850,208,0.314,223,0.0214,0,0,0
17:29:10,900,211,0.679,223,0.0214,0,0,0
17:29:10,950,212,0.801,222,0.0202,0,0,0
17:29:10,1000,208,0.314,223,0.0214,0,0,0
17:29:10,1050,208,0.314,222,0.0202,0,0,0
17:29:10,1100,208,0.314,222,0.0202,0,0,0
17:29:10,1150,208,0.314,222,0.0202,0,0,0
17:29:10,1200,212,0.801,222,0.0202,0,0,0
17:29:10,1250,212,0.801,223,0.0214,0,0,0
17:29:10,1300,211,0.679,222,0.0202,0,0,0
17:29:10,1350,208,0.314,222,0.0202,0,0,0
17:29:10,1400,209,0.435,221,0.019,0,0,0
17:29:10,1451,208,0.314,223,0.0214,0,0,0
17:29:10,1500,211,0.679,222,0.0202,0,0,0
17:29:10,1550,212,0.801,222,0.0202,0,0,0
17:29:11,1600,212,0.801,222,0.0202,0,0,0
17:29:11,1650,211,0.679,223,0.0214,0,0,0
17:29:11,1700,209,0.435,222,0.0202,0,0,0
17:29:11,1750,211,0.679,222,0.0202,0,0,0
17:29:11,1800,212,0.801,223,0.0214,0,0,0
17:29:11,1850,212,0.801,223,0.0214,0,0,0
17:29:11,1900,212,0.801,222,0.0202,0,0,0
17:29:11,1950,211,0.679,222,0.0202,0,0,0
17:29:11,2000,212,0.801,222,0.0202,0,0,0
17:29:11,2050,211,0.679,222,0.0202,0,0,0
17:29:11,2100,212,0.801,222,0.0202,0,0,0
17:29:11,2150,212,0.801,222,0.0202,0,0,0
17:29:11,2200,212,0.801,222,0.0202,0,0,0
17:29:11,2250,211,0.679,223,0.0214,0,0,0
17:29:11,2300,212,0.801,222,0.0202,0,0,0
17:29:11,2350,208,0.314,222,0.0202,0,0,0
17:29:11,2400,212,0.801,222,0.0202,0,0,0
17:29:11,2450,212,0.801,223,0.0214,0,0,0
17:29:11,2500,212,0.801,222,0.0202,0,0,0
17:29:11,2550,211,0.679,222,0.0202,0,0,0
17:29:12,2600,212,0.801,222,0.0202,0,0,0
17:29:12,2650,208,0.314,222,0.0202,0,0,0
17:29:12,2700,208,0.314,221,0.019,0,0,0
17:29:12,2750,211,0.679,222,0.0202,0,0,0
17:29:12,2800,212,0.801,223,0.0214,0,0,0
17:29:12,2850,211,0.679,222,0.0202,0,0,0
17:29:12,2900,212,0.801,222,0.0202,0,0,0
17:29:12,2950,209,0.435,222,0.0202,0,0,0
17:29:12,3000,208,0.314,223,0.0214,0,0,0
17:29:12,3050,208,0.314,222,0.0202,0,0,0
17:29:12,3100,212,0.801,221,0.019,0,0,0
17:29:12,3150,211,0.679,222,0.0202,0,0,0
17:29:12,3200,209,0.435,223,0.0214,0,0,0
17:29:12,3250,208,0.314,221,0.019,0,0,0
17:29:12,3300,208,0.314,222,0.0202,0,0,0
17:29:12,3350,208,0.314,222,0.0202,0,0,0
17:29:12,3400,212,0.801,223,0.0214,0,0,0
17:29:12,3450,212,0.801,222,0.0202,0,0,0
17:29:12,3500,208,0.314,222,0.0202,0,0,0
17:29:12,3550,208,0.314,223,0.0214,0,0,0
17:29:13,3600,208,0.314,223,0.0214,0,0,0
17:29:13,3650,209,0.435,222,0.0202,0,0,0
17:29:13,3700,208,0.314,222,0.0202,0,0,0
17:29:13,3750,210,0.557,222,0.0202,0,0,0
17:29:13,3800,208,0.314,223,0.0214,0,0,0
17:29:13,3850,208,0.314,222,0.0202,0,0,0
17:29:13,3900,208,0.314,222,0.0202,0,0,0
17:29:13,3950,209,0.435,223,0.0214,0,0,0
17:29:13,4000,208,0.314,223,0.0214,0,0,0
17:29:13,4050,208,0.314,222,0.0202,0,0,0
17:29:13,4100,208,0.314,222,0.0202,0,0,0
17:29:13,4150,209,0.435,223,0.0214,0,0,0
17:29:13,4200,208,0.314,224,0.0226,0,0,0
17:29:13,4250,208,0.314,222,0.0202,0,0,0
17:29:13,4300,208,0.314,222,0.0202,0,0,0
17:29:13,4350,208,0.314,223,0.0214,0,0,0
17:29:13,4400,212,0.801,224,0.0226,0,0,0
17:29:13,4450,209,0.435,222,0.0202,0,0,0
17:29:13,4500,209,0.435,222,0.0202,0,0,0
17:29:13,4550,208,0.314,223,0.0214,0,0,0
17:29:14,4600,208,0.314,223,0.0214,0,0,0
17:29:14,4651,208,0.314,223,0.0214,0,0,0
17:29:14,4700,212,0.801,222,0.0202,135,135,135
17:29:14,4750,209,0.435,218,0.0153,135,135,135
17:29:14,4800,154,0,218,0.0153,136,136,136
17:29:14,4850,163,0,167,0,136,136,136
17:29:14,4900,207,0.192,214,0.0104,137,137,137
17:29:14,4950,209,0.435,215,0.0117,137,137,137
17:29:14,5000,159,0,160,0,138,138,138
17:29:14,5050,210,0.557,170,0,138,138,138
17:29:14,5100,207,0.192,214,0.0104,139,139,139
17:29:14,5150,160,0,165,0,139,139,139
17:29:14,5200,207,0.192,214,0.0104,140,140,140
17:29:14,5250,209,0.435,213,0.0092,140,140,140
17:29:14,5300,156,0,157,0,141,141,141
17:29:14,5350,165,0,166,0,141,141,141
17:29:14,5400,209,0.435,215,0.0117,142,142,142
17:29:14,5450,161,0,161,0,142,142,142
17:29:14,5500,207,0.192,214,0.0104,143,143,143
17:29:14,5550,210,0.557,215,0.0117,143,143,143
17:29:15,5600,207,0.192,215,0.0117,144,144,144
17:29:15,5650,162,0,163,0,144,144,144
17:29:15,5700,208,0.314,214,0.0104,145,145,145
17:29:15,5750,159,0,160,0,145,145,145
17:29:15,5800,207,0.192,168,0,146,146,146
17:29:15,5850,204,0,165,0,146,146,146
17:29:15,5900,209,0.435,215,0.0117,147,147,147
17:29:15,5950,161,0,162,0,147,147,147
17:29:15,6000,209,0.435,215,0.0117,148,148,148
17:29:15,6050,157,0,157,0,148,148,148
17:29:15,6100,159,0,164,0,149,149,149
17:29:15,6150,162,0,163,0,149,149,149
17:29:15,6200,209,0.435,215,0.0117,150,150,150
17:29:15,6250,158,0,162,0,150,150,150
17:29:15,6300,214,1.044,222,0.0202,150,151,150
17:29:15,6350,164,0,167,0,150,151,150
17:29:15,6400,220,1.774,227,0.0263,150,152,150
17:29:15,6450,175,0,176,0,150,152,150
17:29:15,6500,229,2.87,232,0.0323,150,153,150
17:29:15,6550,177,0,174,0,150,153,150
17:29:16,6600,230,2.991,182,0,150,153,150
17:29:16,6650,174,0,232,0.0323,150,153,150
17:29:16,6700,227,2.626,233,0.0336,150,153,150
17:29:16,6750,175,0,177,0,150,153,150
17:29:16,6800,230,2.991,232,0.0323,150,153,150
17:29:16,6850,175,0,174,0,150,153,150
17:29:16,6900,182,0,181,0,150,153,150
17:29:16,6950,229,2.87,232,0.0323,150,153,150
17:29:16,7000,226,2.504,231,0.0311,150,153,150
17:29:16,7050,174,0,176,0,150,153,150
17:29:16,7100,227,2.626,233,0.0336,150,153,150
17:29:16,7150,173,0,173,0,150,153,150
17:29:16,7200,179,0,180,0,150,153,150
17:29:16,7250,227,2.626,233,0.0336,150,153,150
17:29:16,7300,225,2.383,233,0.0336,150,153,150
17:29:16,7350,171,0,174,0,150,153,150
17:29:16,7400,208,0.314,182,0,150,153,150
17:29:16,7450,168,0,233,0.0336,150,153,150
17:29:16,7500,177,0,179,0,150,153,150
17:29:16,7550,226,2.504,232,0.0323,150,153,150
17:29:17,7600,224,2.261,232,0.0323,150,153,150
17:29:17,7650,170,0,175,0,150,153,150
17:29:17,7700,176,0,181,0,151,154,151
17:29:17,7750,224,2.261,233,0.0336,151,154,151
17:29:17,7800,174,0,178,0,151,154,151
17:29:17,7851,229,2.87,234,0.0348,151,154,151
17:29:17,7900,227,2.626,186,0,151,154,151
17:29:17,7950,171,0,175,0,151,154,151
17:29:17,8000,178,0,181,0,151,154,151
17:29:17,8050,229,2.87,235,0.036,151,154,151
17:29:17,8100,175,0,179,0,151,154,151
17:29:17,8150,176,0,177,0,151,154,151
17:29:17,8200,181,0,184,0,151,154,151
17:29:17,8250,227,2.626,236,0.0372,151,154,151
17:29:17,8300,177,0,181,0,151,154,151
17:29:17,8350,228,2.748,234,0.0348,151,154,151
17:29:17,8400,173,0,176,0,151,154,151
17:29:17,8450,174,0,175,0,151,154,151
17:29:17,8500,181,0,183,0,151,154,151
17:29:17,8550,228,2.748,234,0.0348,151,154,151
17:29:18,8600,175,0,177,0,151,154,151
17:29:18,8650,228,2.748,236,0.0372,151,154,151
17:29:18,8700,172,0,176,0,151,154,151
17:29:18,8750,173,0,235,0.036,151,154,151
17:29:18,8800,180,0,180,0,151,154,151
17:29:18,8850,230,2.991,234,0.0348,151,154,151
17:29:18,8900,173,0,178,0,151,154,151
17:29:18,8950,227,2.626,184,0,151,154,151
17:29:18,9000,171,0,234,0.0348,151,154,151
17:29:18,9050,230,2.991,235,0.036,151,154,151
17:29:18,9100,178,0,180,0,151,154,151
17:29:18,9150,228,2.748,235,0.036,151,154,151
17:29:18,9200,174,0,175,0,152,155,152
17:29:18,9250,183,0,184,0,152,155,152
17:29:18,9300,228,2.748,237,0.0384,152,155,152
17:29:18,9350,232,3.235,237,0.0384,152,155,152
17:29:18,9400,179,0,179,0,152,155,152
17:29:18,9450,233,3.356,238,0.0396,152,155,152
17:29:18,9500,176,0,177,0,152,155,152
17:29:18,9550,184,0,185,0,152,155,152
17:29:19,9600,180,0,182,0,152,155,152
17:29:19,9650,234,3.478,238,0.0396,152,155,152
17:29:19,9700,180,0,179,0,152,155,152
17:29:19,9750,233,3.356,187,0,152,155,152
17:29:19,9800,176,0,238,0.0396,152,155,152
17:29:19,9850,183,0,184,0,152,155,152
17:29:19,9900,178,0,182,0,152,155,152
17:29:19,9950,231,3.113,238,0.0396,152,155,152
17:29:19,10000,177,0,179,0,152,155,152
17:29:19,10050,185,0,187,0,152,155,152
17:29:19,10100,234,3.478,238,0.0396,152,155,152
17:29:19,10150,181,0,182,0,152,155,152
17:29:19,10200,177,0,182,0,152,155,152
17:29:19,10250,231,3.113,226,0.025,152,155,152
17:29:19,10300,176,0,239,0.0409,152,155,152
17:29:19,10350,184,0,184,0,152,155,152
17:29:19,10400,234,3.478,238,0.0396,152,155,152
17:29:19,10450,180,0,181,0,152,155,152
17:29:19,10500,175,0,178,0,152,155,152
17:29:19,10550,185,0,186,0,152,155,152
17:29:20,10600,230,2.991,239,0.0409,152,155,152
17:29:20,10650,178,0,183,0,152,155,152
17:29:20,10700,233,3.356,238,0.0396,153,156,153
17:29:20,10750,178,0,179,0,153,156,153
17:29:20,10800,174,0,179,0,153,156,153
17:29:20,10850,183,0,186,0,153,156,153
17:29:20,10900,233,3.356,240,0.0421,153,156,153
17:29:20,10950,180,0,184,0,153,156,153
17:29:20,11000,233,3.356,241,0.0433,153,156,153
17:29:20,11051,180,0,181,0,153,156,153
17:29:20,11100,176,0,241,0.0433,153,156,153
17:29:20,11150,183,0,186,0,153,156,153
17:29:20,11200,234,3.478,241,0.0433,153,156,153
17:29:20,11250,179,0,183,0,153,156,153
17:29:20,11300,233,3.356,191,0,153,156,153
17:29:20,11350,188,0,190,0,153,156,153
17:29:20,11400,234,3.478,241,0.0433,153,156,153
17:29:20,11450,181,0,185,0,153,156,153
17:29:20,11500,234,3.478,241,0.0433,153,156,153
17:29:20,11550,178,0,180,0,153,156,153
17:29:21,11600,185,0,190,0,153,156,153
17:29:21,11650,187,0,187,0,153,156,153
17:29:21,11700,236,3.721,241,0.0433,153,156,153
17:29:21,11750,179,0,184,0,153,156,153
17:29:21,11800,232,3.235,241,0.0433,153,156,153
17:29:21,11850,176,0,180,0,153,156,153
17:29:21,11900,184,0,187,0,153,156,153
17:29:21,11950,184,0,185,0,153,156,153
17:29:21,12000,235,3.6,242,0.0445,153,156,153
17:29:21,12050,181,0,182,0,153,156,153
17:29:21,12100,33,0,189,0,153,156,153
17:29:21,12150,176,0,241,0.0433,153,156,153
17:29:21,12200,182,0,186,0,154,157,154
17:29:21,12250,183,0,184,0,154,157,154
17:29:21,12300,237,3.843,242,0.0445,154,157,154
17:29:21,12350,181,0,182,0,154,157,154
17:29:21,12400,188,0,191,0,154,157,154
17:29:21,12450,235,3.6,243,0.0457,154,157,154
17:29:21,12500,182,0,188,0,154,157,154
17:29:21,12550,185,0,186,0,154,157,154
17:29:22,12600,238,3.965,193,0,154,157,154
17:29:22,12650,181,0,182,0,154,157,154
17:29:22,12700,187,0,189,0,154,157,154
17:29:22,12750,239,4.087,244,0.047,154,157,154
17:29:22,12800,238,3.965,245,0.0482,154,157,154
17:29:22,12850,182,0,184,0,154,157,154
17:29:22,12900,189,0,192,0,154,157,154
17:29:22,12950,242,4.452,244,0.047,154,157,154
17:29:22,13000,186,0,189,0,154,157,154
17:29:22,13050,237,3.843,245,0.0482,154,157,154
17:29:22,13100,236,3.721,244,0.047,154,157,154
17:29:22,13150,178,0,184,0,154,157,154
17:29:22,13200,188,0,190,0,154,157,154
17:29:22,13250,237,3.843,244,0.047,154,157,154
17:29:22,13300,184,0,187,0,154,157,154
17:29:22,13350,237,3.843,244,0.047,154,157,154
17:29:22,13400,236,3.721,193,0,154,157,154
17:29:22,13450,178,0,243,0.0457,154,157,154
17:29:22,13500,184,0,188,0,154,157,154
17:29:22,13550,237,3.843,243,0.0457,154,157,154
17:29:23,13600,183,0,186,0,154,157,154
17:29:23,13650,238,3.965,192,0,154,157,154
17:29:23,13700,184,0,188,0,155,158,155
17:29:23,13750,235,3.6,245,0.0482,155,158,155
17:29:23,13800,184,0,188,0,155,158,155
17:29:23,13850,237,3.843,246,0.0494,155,158,155
17:29:23,13900,184,0,186,0,155,158,155
17:29:23,13950,192,0,195,0,155,158,155
17:29:23,14000,188,0,193,0,155,158,155
17:29:23,14050,239,4.087,247,0.0506,155,158,155
17:29:23,14100,184,0,189,0,155,158,155
17:29:23,14150,239,4.087,247,0.0506,155,158,155
17:29:23,14200,182,0,187,0,155,158,155
17:29:23,14251,191,0,193,0,155,158,155
17:29:23,14300,184,0,191,0,155,158,155
17:29:23,14350,238,3.965,247,0.0506,155,158,155
17:29:23,14400,181,0,188,0,155,158,155
17:29:23,14450,238,3.965,196,0,155,158,155
17:29:23,14500,179,0,247,0.0506,155,158,155
17:29:23,14550,239,4.087,247,0.0506,155,158,155
17:29:24,14600,184,0,191,0,155,158,155
17:29:24,14650,237,3.843,247,0.0506,155,158,155
17:29:24,14700,180,0,187,0,155,158,155
17:29:24,14750,188,0,194,0,155,158,155
17:29:24,14800,237,3.843,247,0.0506,155,158,155
17:29:24,14850,239,4.087,247,0.0506,155,158,155
17:29:24,14900,184,0,188,0,155,158,155
17:29:24,14950,239,4.087,228,0.0275,155,158,155
17:29:24,15000,178,0,228,0.0275,155,158,155
17:29:24,15050,186,0,193,0,155,158,155
17:29:24,15100,237,3.843,247,0.0506,155,158,155
17:29:24,15150,239,4.087,247,0.0506,155,158,155
17:29:24,15200,183,0,186,0,156,159,156
17:29:24,15250,191,0,196,0,156,159,156
17:29:24,15300,240,4.208,249,0.053,156,159,156
17:29:24,15350,186,0,193,0,156,159,156
17:29:24,15400,240,4.208,250,0.0543,156,159,156
17:29:24,15450,242,4.452,251,0.0555,156,159,156
17:29:24,15500,185,0,188,0,156,159,156
17:29:24,15550,192,0,196,0,156,159,156
17:29:25,15600,243,4.573,250,0.0543,156,159,156
17:29:25,15650,188,0,193,0,156,159,156
17:29:25,15700,239,4.087,251,0.0555,156,159,156
17:29:25,15750,242,4.452,199,0,156,159,156
17:29:25,15800,182,0,250,0.0543,156,159,156
17:29:25,15850,189,0,195,0,156,159,156
17:29:25,15900,242,4.452,251,0.0555,156,159,156
17:29:25,15950,186,0,191,0,156,159,156
17:29:25,16000,182,0,189,0,156,159,156
17:29:25,16050,189,0,198,0,156,159,156
17:29:25,16100,241,4.33,251,0.0555,156,159,156
17:29:25,16150,188,0,193,0,156,159,156
17:29:25,16200,241,4.33,251,0.0555,156,159,156
17:29:25,16250,184,0,191,0,156,159,156
17:29:25,16300,180,0,188,0,156,159,156
17:29:25,16350,188,0,196,0,156,159,156
17:29:25,16400,238,3.965,250,0.0543,156,159,156
17:29:25,16450,186,0,192,0,156,159,156
17:29:25,16500,241,4.33,251,0.0555,156,159,156
17:29:25,16550,183,0,189,0,156,159,156
17:29:26,16600,239,4.087,251,0.0555,156,159,156
17:29:26,16650,185,0,195,0,156,159,156
17:29:26,16700,238,3.965,250,0.0543,156,159,156
17:29:26,16750,182,0,190,0,156,159,156
17:29:26,16800,191,0,196,0,157,160,157
17:29:26,16850,181,0,252,0.0567,157,160,157
17:29:26,16900,239,4.087,252,0.0567,157,160,157
17:29:26,16950,185,0,194,0,157,160,157
17:29:26,17000,240,4.208,252,0.0567,157,160,157
17:29:26,17050,183,0,193,0,157,160,157
17:29:26,17100,191,0,198,0,157,160,157
17:29:26,17150,245,4.817,254,0.0591,157,160,157
17:29:26,17200,241,4.33,254,0.0591,157,160,157
17:29:26,17250,187,0,194,0,157,160,157
17:29:26,17300,240,4.208,202,0,157,160,157
17:29:26,17350,183,0,191,0,157,160,157
17:29:26,17400,190,0,198,0,157,160,157
17:29:26,17451,241,4.33,254,0.0591,157,160,157
17:29:26,17500,241,4.33,254,0.0591,157,160,157
17:29:26,17550,184,0,193,0,157,160,157
17:29:27,17600,192,0,201,0,157,160,157
17:29:27,17650,201,0,254,0.0591,157,160,157
17:29:27,17700,187,0,197,0,157,160,157
17:29:27,17750,188,0,195,0,157,160,157
17:29:27,17800,243,4.573,256,0.0616,157,160,157
17:29:27,17850,185,0,192,0,157,160,157
17:29:27,17900,189,0,199,0,157,160,157
17:29:27,17950,240,4.208,254,0.0591,157,160,157
17:29:27,18000,185,0,196,0,157,160,157
17:29:27,18050,187,0,194,0,157,160,157
17:29:27,18100,225,2.383,201,0,157,160,157
17:29:27,18150,183,0,256,0.0616,157,160,157
17:29:27,18200,187,0,198,0,157,160,157
17:29:27,18250,240,4.208,254,0.0591,157,160,157
17:29:27,18300,184,0,194,0,158,161,158
17:29:27,18350,186,0,194,0,158,161,158
17:29:27,18400,193,0,202,0,158,161,158
17:29:27,18450,245,4.817,256,0.0616,158,161,158
17:29:27,18500,191,0,197,0,158,161,158
17:29:27,18550,245,4.817,257,0.0628,158,161,158
17:29:28,18600,185,0,196,0,158,161,158
17:29:28,18650,187,0,194,0,158,161,158
17:29:28,18700,193,0,201,0,158,161,158
17:29:28,18750,245,4.817,258,0.064,158,161,158
17:29:28,18800,190,0,198,0,158,161,158
17:29:28,18850,245,4.817,258,0.064,158,161,158
17:29:28,18900,184,0,194,0,158,161,158
17:29:28,18950,185,0,259,0.0652,158,161,158
17:29:28,19000,191,0,200,0,158,161,158
17:29:28,19050,244,4.695,258,0.064,158,161,158
17:29:28,19100,187,0,196,0,158,161,158
17:29:28,19150,227,2.626,206,0.0007,158,161,158
17:29:28,19200,191,0,202,0,158,161,158
17:29:28,19250,242,4.452,257,0.0628,158,161,158
17:29:28,19300,189,0,198,0,158,161,158
17:29:28,19350,243,4.573,259,0.0652,158,161,158
17:29:28,19400,186,0,195,0,158,161,158
17:29:28,19450,194,0,203,0,158,161,158
17:29:28,19500,188,0,200,0,158,161,158
17:29:28,19550,242,4.452,259,0.0652,158,161,158
17:29:29,19600,189,0,198,0,158,161,158
17:29:29,19650,243,4.573,214,0.0104,158,161,158
17:29:29,19700,185,0,195,0,158,161,158
17:29:29,19750,191,0,202,0,158,161,158
17:29:29,19800,186,0,199,0,159,162,159
17:29:29,19850,241,4.33,258,0.064,159,162,159
17:29:29,19900,186,0,198,0,159,162,159
17:29:29,19950,195,0,206,0.0007,159,162,159
17:29:29,20000,246,4.938,261,0.0676,159,162,159
17:29:29,20050,193,0,202,0,159,162,159
17:29:29,20100,189,0,200,0,159,162,159
17:29:29,20150,245,4.817,262,0.0689,159,162,159
17:29:29,20200,186,0,198,0,159,162,159
17:29:29,20250,193,0,205,0,159,162,159
17:29:29,20300,247,5.06,261,0.0676,159,162,159
17:29:29,20350,191,0,203,0,159,162,159
17:29:29,20400,187,0,200,0,159,162,159
17:29:29,20450,244,4.695,208,0.0031,159,162,159
17:29:29,20500,183,0,261,0.0676,159,162,159
17:29:29,20550,190,0,205,0,159,162,159
17:29:30,20600,244,4.695,261,0.0676,159,162,159
17:29:30,20651,190,0,201,0,159,162,159
17:29:30,20700,185,0,199,0,159,162,159
17:29:30,20750,193,0,207,0.0019,159,162,159
17:29:30,20800,243,4.573,261,0.0676,159,162,159
17:29:30,20850,188,0,202,0,159,162,159
17:29:30,20900,243,4.573,261,0.0676,159,162,159
17:29:30,20950,245,4.817,242,0.0445,159,162,159
17:29:30,21000,183,0,198,0,159,162,159
17:29:30,21050,189,0,204,0,159,162,159
17:29:30,21100,242,4.452,262,0.0689,159,162,159
17:29:30,21150,186,0,202,0,159,162,159
17:29:30,21200,243,4.573,235,0.036,159,162,159
17:29:30,21250,196,0,206,0.0007,159,162,159
17:29:30,21300,245,4.817,261,0.0676,160,163,160
17:29:30,21350,191,0,204,0,160,163,160
17:29:30,21400,245,4.817,262,0.0689,160,163,160
17:29:30,21450,187,0,201,0,160,163,160
17:29:30,21500,196,0,209,0.0044,160,163,160
17:29:30,21550,195,0,208,0.0031,160,163,160
17:29:31,21600,249,5.304,264,0.0713,160,163,160
17:29:31,21650,193,0,205,0,160,163,160
17:29:31,21700,246,4.938,265,0.0725,160,163,160
17:29:31,21750,188,0,204,0,160,163,160
17:29:31,21800,194,0,209,0.0044,160,163,160
17:29:31,21850,194,0,207,0.0019,160,163,160
17:29:31,21900,248,5.182,264,0.0713,160,163,160
17:29:31,21950,191,0,205,0,160,163,160
17:29:31,22000,248,5.182,212,0.008,160,163,160
17:29:31,22050,186,0,201,0,160,163,160
17:29:31,22100,192,0,207,0.0019,160,163,160
17:29:31,22150,193,0,206,0.0007,160,163,160
17:29:31,22200,248,5.182,264,0.0713,160,163,160
17:29:31,22250,188,0,203,0,160,163,160
17:29:31,22300,196,0,210,0.0056,160,163,160
17:29:31,22350,187,0,266,0.0737,160,163,160
17:29:31,22400,247,5.06,265,0.0725,160,163,160
17:29:31,22450,190,0,205,0,160,163,160
17:29:31,22500,248,5.182,265,0.0725,160,163,160
17:29:31,22550,187,0,203,0,160,163,160
17:29:32,22600,194,0,208,0.0031,160,163,160
17:29:32,22650,247,5.06,266,0.0737,160,163,160
17:29:32,22700,245,4.817,265,0.0725,160,163,160
17:29:32,22750,189,0,204,0,160,163,160
17:29:32,22800,197,0,211,0.0068,161,164,161
17:29:32,22850,187,0,265,0.0725,161,164,161
17:29:32,22900,193,0,208,0.0031,161,164,161
17:29:32,22950,249,5.304,268,0.0762,161,164,161
17:29:32,23000,247,5.06,268,0.0762,161,164,161
17:29:32,23050,189,0,206,0.0007,161,164,161
17:29:32,23100,198,0,212,0.008,161,164,161
17:29:32,23150,250,5.425,270,0.0786,161,164,161
17:29:32,23200,196,0,209,0.0044,161,164,161
17:29:32,23250,250,5.425,269,0.0774,161,164,161
17:29:32,23300,248,5.182,215,0.0117,161,164,161
17:29:32,23350,188,0,206,0.0007,161,164,161
17:29:32,23400,195,0,211,0.0068,161,164,161
17:29:32,23450,250,5.425,269,0.0774,161,164,161
17:29:32,23500,192,0,207,0.0019,161,164,161
17:29:32,23550,250,5.425,271,0.0798,161,164,161
17:29:33,23600,196,0,214,0.0104,161,164,161
17:29:33,23650,186,0,270,0.0786,161,164,161
17:29:33,23700,192,0,210,0.0056,161,164,161
17:29:33,23750,247,5.06,270,0.0786,161,164,161
17:29:33,23800,191,0,207,0.0019,161,164,161
17:29:33,23851,49,0,213,0.0092,161,164,161
17:29:33,23900,193,0,211,0.0068,161,164,161
17:29:33,23950,246,4.938,270,0.0786,161,164,161
17:29:33,24000,190,0,208,0.0031,161,164,161
17:29:33,24050,246,4.938,269,0.0774,161,164,161
17:29:33,24100,186,0,205,0,161,164,161
17:29:33,24150,185,0,205,0,161,164,161
17:29:33,24200,192,0,210,0.0056,161,164,161
17:29:33,24250,245,4.817,269,0.0774,161,164,161
17:29:33,24300,188,0,206,0.0007,162,165,162
17:29:33,24350,246,4.938,216,0.0129,162,165,162
17:29:33,24400,186,0,206,0.0007,162,165,162
17:29:33,24450,249,5.304,271,0.0798,162,165,162
17:29:33,24500,192,0,211,0.0068,162,165,162
17:29:33,24550,249,5.304,273,0.0822,162,165,162
17:29:34,24600,190,0,209,0.0044,162,165,162
17:29:34,24650,197,0,217,0.0141,162,165,162
17:29:34,24700,249,5.304,273,0.0822,162,165,162
17:29:34,24750,252,5.669,273,0.0822,162,165,162
17:29:34,24800,194,0,212,0.008,162,165,162
17:29:34,24850,249,5.304,273,0.0822,162,165,162
17:29:34,24900,188,0,207,0.0019,162,165,162
17:29:34,24950,195,0,216,0.0129,162,165,162
17:29:34,25000,249,5.304,273,0.0822,162,165,162
17:29:34,25050,251,5.547,273,0.0822,162,165,162
17:29:34,25100,192,0,209,0.0044,162,165,162
17:29:34,25150,250,5.425,219,0.0165,162,165,162
17:29:34,25200,186,0,272,0.081,162,165,162
17:29:34,25250,193,0,214,0.0104,162,165,162
17:29:34,25300,247,5.06,272,0.081,162,165,162
17:29:34,25350,249,5.304,273,0.0822,162,165,162
17:29:34,25400,191,0,208,0.0031,162,165,162
17:29:34,25450,197,0,216,0.0129,162,165,162
17:29:34,25500,250,5.425,272,0.081,162,165,162
17:29:34,25550,191,0,213,0.0092,162,165,162
17:29:35,25600,192,0,211,0.0068,162,165,162
17:29:35,25650,250,5.425,227,0.0263,162,165,162
17:29:35,25700,189,0,206,0.0007,162,165,162
17:29:35,25750,197,0,215,0.0117,162,165,162
17:29:35,25800,250,5.425,273,0.0822,163,166,163
17:29:35,25850,191,0,213,0.0092,163,166,163
17:29:35,25900,192,0,210,0.0056,163,166,163
17:29:35,25950,201,0,220,0.0177,163,166,163
17:29:35,26000,190,0,276,0.0859,163,166,163
17:29:35,26050,197,0,216,0.0129,163,166,163
17:29:35,26100,252,5.669,275,0.0847,163,166,163
17:29:35,26150,194,0,213,0.0092,163,166,163
17:29:35,26200,192,0,211,0.0068,163,166,163
17:29:35,26250,199,0,219,0.0165,163,166,163
17:29:35,26300,252,5.669,276,0.0859,163,166,163
17:29:35,26350,195,0,215,0.0117,163,166,163
17:29:35,26400,252,5.669,277,0.0871,163,166,163
17:29:35,26450,193,0,212,0.008,163,166,163
17:29:35,26500,188,0,275,0.0847,163,166,163
17:29:35,26550,197,0,217,0.0141,163,166,163
17:29:36,26600,252,5.669,277,0.0871,163,166,163
17:29:36,26650,192,0,214,0.0104,163,166,163
17:29:36,26700,252,5.669,221,0.019,163,166,163
17:29:36,26750,190,0,211,0.0068,163,166,163
17:29:36,26800,249,5.304,278,0.0883,163,166,163
17:29:36,26850,192,0,216,0.0129,163,166,163
17:29:36,26900,253,5.79,276,0.0859,163,166,163
17:29:36,26950,193,0,213,0.0092,163,166,163
17:29:36,27000,200,0,220,0.0177,163,166,163
17:29:36,27051,188,0,277,0.0871,163,166,163
17:29:36,27100,249,5.304,277,0.0871,163,166,163
17:29:36,27150,191,0,214,0.0104,163,166,163
17:29:36,27200,249,5.304,276,0.0859,163,166,163
17:29:36,27250,190,0,212,0.008,163,166,163
17:29:36,27300,197,0,218,0.0153,164,167,164
17:29:36,27350,193,0,217,0.0141,164,167,164
17:29:36,27400,250,5.425,279,0.0895,164,167,164
17:29:36,27450,191,0,216,0.0129,164,167,164
17:29:36,27500,199,0,223,0.0214,164,167,164
17:29:37,27550,188,0,275,0.0847,164,167,164
17:29:37,27600,197,0,220,0.0177,164,167,164
17:29:37,27650,193,0,218,0.0153,164,167,164
17:29:37,27700,251,5.547,280,0.0908,164,167,164
17:29:37,27750,191,0,216,0.0129,164,167,164
17:29:37,27800,197,0,224,0.0226,164,167,164
17:29:37,27850,249,5.304,281,0.092,164,167,164
17:29:37,27900,195,0,219,0.0165,164,167,164
17:29:37,27950,192,0,218,0.0153,164,167,164
17:29:37,28000,249,5.304,226,0.025,164,167,164
17:29:37,28050,187,0,215,0.0117,164,167,164
17:29:37,28100,194,0,222,0.0202,164,167,164
17:29:37,28150,249,5.304,281,0.092,164,167,164
17:29:37,28200,190,0,218,0.0153,164,167,164
17:29:37,28250,190,0,217,0.0141,164,167,164
17:29:37,28300,197,0,223,0.0214,164,167,164
17:29:37,28350,188,0,280,0.0908,164,167,164
17:29:37,28400,193,0,219,0.0165,164,167,164
17:29:37,28450,248,5.182,281,0.092,164,167,164
17:29:37,28500,190,0,217,0.0141,164,167,164
17:29:38,28550,190,0,215,0.0117,164,167,164
17:29:38,28600,194,0,223,0.0214,164,167,164
17:29:38,28650,249,5.304,281,0.092,164,167,164
17:29:38,28700,191,0,219,0.0165,164,167,164
17:29:38,28750,248,5.182,280,0.0908,164,167,164
17:29:38,28800,199,0,223,0.0214,165,168,165
17:29:38,28850,189,0,215,0.0117,165,168,165
17:29:38,28900,196,0,222,0.0202,165,168,165
17:29:38,28950,251,5.547,284,0.0956,165,168,165
17:29:38,29000,192,0,221,0.019,165,168,165
17:29:38,29050,252,5.669,229,0.0287,165,168,165
17:29:38,29100,202,0,226,0.025,165,168,165
17:29:38,29150,252,5.669,285,0.0968,165,168,165
17:29:38,29200,198,0,223,0.0214,165,168,165
17:29:38,29250,256,6.155,284,0.0956,165,168,165
17:29:38,29300,193,0,219,0.0165,165,168,165
17:29:38,29350,200,0,228,0.0275,165,168,165
17:29:38,29400,200,0,226,0.025,165,168,165
17:29:38,29450,254,5.912,284,0.0956,165,168,165
17:29:38,29500,196,0,222,0.0202,165,168,165
17:29:39,29550,255,6.034,284,0.0956,165,168,165
17:29:39,29600,193,0,221,0.019,165,168,165
17:29:39,29650,198,0,225,0.0238,165,168,165
17:29:39,29700,198,0,224,0.0226,165,168,165
17:29:39,29750,254,5.912,285,0.0968,165,168,165
17:29:39,29800,194,0,221,0.019,165,168,165
17:29:39,29850,237,3.843,228,0.0275,165,168,165
17:29:39,29900,193,0,284,0.0956,165,168,165
17:29:39,29950,198,0,225,0.0238,165,168,165
17:29:39,30000,196,0,223,0.0214,165,168,165
17:29:39,30050,254,5.912,284,0.0956,165,168,165
17:29:39,30100,193,0,219,0.0165,165,168,165
17:29:39,30150,201,0,228,0.0275,165,168,165
17:29:39,30200,253,5.79,285,0.0968,165,168,165
17:29:39,30251,197,0,224,0.0226,165,168,165
17:29:39,30300,191,0,221,0.019,166,169,166
17:29:39,30350,254,5.912,232,0.0323,166,169,166
17:29:39,30400,193,0,219,0.0165,166,169,166
17:29:39,30450,200,0,227,0.0263,166,169,166
17:29:39,30500,256,6.155,287,0.0993,166,169,166
17:29:40,30550,254,5.912,289,0.1017,166,169,166
17:29:40,30600,193,0,223,0.0214,166,169,166
17:29:40,30650,201,0,231,0.0311,166,169,166
17:29:40,30700,194,0,288,0.1005,166,169,166
17:29:40,30750,201,0,228,0.0275,166,169,166
17:29:40,30800,256,6.155,289,0.1017,166,169,166
17:29:40,30850,254,5.912,288,0.1005,166,169,166
17:29:40,30900,193,0,222,0.0202,166,169,166
17:29:40,30950,199,0,230,0.0299,166,169,166
17:29:40,31000,254,5.912,288,0.1005,166,169,166
17:29:40,31050,197,0,226,0.025,166,169,166
17:29:40,31100,257,6.277,288,0.1005,166,169,166
17:29:40,31150,254,5.912,233,0.0336,166,169,166
17:29:40,31200,191,0,284,0.0956,166,169,166
17:29:40,31250,197,0,228,0.0275,166,169,166
17:29:40,31300,253,5.79,288,0.1005,166,169,166
17:29:40,31350,193,0,226,0.025,166,169,166
17:29:40,31400,254,5.912,232,0.0323,166,169,166
17:29:40,31450,198,0,230,0.0299,166,169,166
17:29:40,31500,251,5.547,289,0.1017,166,169,166
17:29:41,31550,195,0,227,0.0263,166,169,166
17:29:41,31600,252,5.669,288,0.1005,166,169,166
17:29:41,31650,192,0,223,0.0214,166,169,166
17:29:41,31700,201,0,231,0.0311,166,169,166
17:29:41,31750,196,0,229,0.0287,166,169,166
17:29:41,31800,252,5.669,288,0.1005,167,170,167
17:29:41,31850,193,0,226,0.025,167,170,167
17:29:41,31900,254,5.912,271,0.0798,167,170,167
17:29:41,31950,192,0,225,0.0238,167,170,167
17:29:41,32000,193,0,292,0.1054,167,170,167
17:29:41,32050,199,0,232,0.0323,167,170,167
17:29:41,32100,254,5.912,293,0.1066,167,170,167
17:29:41,32150,195,0,227,0.0263,167,170,167
17:29:41,32200,202,0,235,0.036,167,170,167
17:29:41,32250,191,0,226,0.025,167,170,167
17:29:41,32300,257,6.277,294,0.1078,167,170,167
17:29:41,32350,198,0,230,0.0299,167,170,167
17:29:41,32400,255,6.034,293,0.1066,167,170,167
17:29:41,32450,193,0,228,0.0275,167,170,167
17:29:41,32500,200,0,235,0.036,167,170,167
17:29:41,32550,254,5.912,292,0.1054,167,170,167
17:29:42,32600,257,6.277,292,0.1054,167,170,167
17:29:42,32650,197,0,230,0.0299,167,170,167
17:29:42,32700,256,6.155,237,0.0384,167,170,167
17:29:42,32750,192,0,226,0.025,167,170,167
17:29:42,32800,197,0,232,0.0323,167,170,167
17:29:42,32850,254,5.912,293,0.1066,167,170,167
17:29:42,32900,256,6.155,293,0.1066,167,170,167
17:29:42,32950,195,0,228,0.0275,167,170,167
17:29:42,33000,203,0,234,0.0348,167,170,167
17:29:42,33050,193,0,294,0.1078,167,170,167
17:29:42,33100,197,0,231,0.0311,167,170,167
17:29:42,33150,254,5.912,293,0.1066,167,170,167
17:29:42,33200,256,6.155,292,0.1054,167,170,167
17:29:42,33250,194,0,227,0.0263,167,170,167
17:29:42,33300,200,0,233,0.0336,168,171,168
17:29:42,33350,257,6.277,293,0.1066,168,171,168
17:29:42,33400,198,0,231,0.0311,168,171,168
17:29:42,33451,255,6.034,296,0.1102,168,171,168
17:29:42,33500,206,0.07,239,0.0409,168,171,168
17:29:43,33550,195,0,228,0.0275,168,171,168
17:29:43,33600,202,0,235,0.036,168,171,168
17:29:43,33650,259,6.521,298,0.1127,168,171,168
17:29:43,33700,198,0,232,0.0323,168,171,168
17:29:43,33750,194,0,231,0.0311,168,171,168
17:29:43,33800,202,0,237,0.0384,168,171,168
17:29:43,33850,256,6.155,298,0.1127,168,171,168
17:29:43,33900,199,0,234,0.0348,168,171,168
17:29:43,33950,258,6.399,297,0.1115,168,171,168
17:29:43,34000,195,0,231,0.0311,168,171,168
17:29:43,34050,192,0,231,0.0311,168,171,168
17:29:43,34100,198,0,237,0.0384,168,171,168
17:29:43,34150,256,6.155,298,0.1127,168,171,168
17:29:43,34200,198,0,233,0.0336,168,171,168
17:29:43,34250,257,6.277,299,0.1139,168,171,168
17:29:43,34300,195,0,231,0.0311,168,171,168
17:29:43,34350,191,0,297,0.1115,168,171,168
17:29:43,34400,197,0,235,0.036,168,171,168
17:29:43,34450,255,6.034,298,0.1127,168,171,168
17:29:43,34500,196,0,233,0.0336,168,171,168
17:29:44,34550,213,0.922,239,0.0409,168,171,168
17:29:44,34600,194,0,297,0.1115,168,171,168
17:29:44,34650,254,5.912,298,0.1127,168,171,168
17:29:44,34700,195,0,235,0.036,168,171,168
17:29:44,34750,254,5.912,297,0.1115,168,171,168
17:29:44,34800,256,6.155,298,0.1127,0,0,0
17:29:44,34850,254,5.912,292,0.1054,0,0,0
17:29:44,34900,249,5.304,286,0.0981,0,0,0
17:29:44,34950,242,4.452,280,0.0908,0,0,0
17:29:44,35000,239,4.087,275,0.0847,0,0,0
17:29:44,35050,235,3.6,271,0.0798,0,0,0
17:29:44,35100,232,3.235,266,0.0737,0,0,0
17:29:44,35150,229,2.87,261,0.0676,0,0,0
17:29:44,35200,226,2.504,256,0.0616,0,0,0
17:29:44,35250,224,2.261,253,0.0579,0,0,0
17:29:44,35300,223,2.139,250,0.0543,0,0,0
17:29:44,35350,221,1.896,245,0.0482,0,0,0
17:29:44,35400,220,1.774,242,0.0445,0,0,0
17:29:44,35450,219,1.652,239,0.0409,0,0,0
17:29:44,35500,220,1.774,237,0.0384,0,0,0
17:29:45,35550,216,1.287,233,0.0336,0,0,0
17:29:45,35600,216,1.287,230,0.0299,0,0,0
17:29:45,35650,214,1.044,229,0.0287,0,0,0
17:29:45,35700,214,1.044,226,0.025,0,0,0
17:29:45,35750,213,0.922,224,0.0226,0,0,0
17:29:45,35800,215,1.166,222,0.0202,0,0,0
17:29:45,35850,214,1.044,220,0.0177,0,0,0
17:29:45,35900,211,0.679,221,0.019,0,0,0
17:29:45,35950,211,0.679,218,0.0153,0,0,0
17:29:45,36000,210,0.557,216,0.0129,0,0,0
17:29:45,36050,210,0.557,217,0.0141,0,0,0
17:29:45,36100,212,0.801,217,0.0141,0,0,0
17:29:45,36150,212,0.801,216,0.0129,0,0,0
17:29:45,36200,211,0.679,215,0.0117,0,0,0
17:29:45,36250,208,0.314,215,0.0117,0,0,0
17:29:45,36300,208,0.314,216,0.0129,0,0,0
17:29:45,36350,208,0.314,216,0.0129,0,0,0
17:29:45,36400,210,0.557,215,0.0117,0,0,0
17:29:45,36450,210,0.557,215,0.0117,0,0,0
17:29:45,36500,211,0.679,216,0.0129,0,0,0
17:29:46,36550,210,0.557,215,0.0117,0,0,0
17:29:46,36600,208,0.314,215,0.0117,0,0,0
17:29:46,36651,208,0.314,216,0.0129,0,0,0
17:29:46,36700,210,0.557,216,0.0129,0,0,0
17:29:46,36750,210,0.557,215,0.0117,0,0,0
17:29:46,36800,209,0.435,215,0.0117,0,0,0
17:29:46,36850,210,0.557,215,0.0117,0,0,0
17:29:46,36900,210,0.557,216,0.0129,0,0,0
17:29:46,36950,211,0.679,215,0.0117,0,0,0
17:29:46,37000,209,0.435,215,0.0117,0,0,0
17:29:46,37050,209,0.435,215,0.0117,0,0,0
17:29:46,37100,208,0.314,216,0.0129,0,0,0
17:29:46,37150,209,0.435,215,0.0117,0,0,0
17:29:46,37200,209,0.435,215,0.0117,0,0,0
17:29:46,37250,207,0.192,215,0.0117,0,0,0
17:29:46,37300,209,0.435,216,0.0129,0,0,0
17:29:46,37350,208,0.314,215,0.0117,0,0,0
17:29:46,37400,209,0.435,216,0.0129,0,0,0
17:29:46,37450,210,0.557,215,0.0117,0,0,0
17:29:46,37500,209,0.435,215,0.0117,0,0,0
17:29:47,37550,206,0.07,215,0.0117,0,0,0
17:29:47,37600,207,0.192,215,0.0117,0,0,0
17:29:47,37650,210,0.557,215,0.0117,0,0,0
17:29:47,37700,209,0.435,216,0.0129,0,0,0
17:29:47,37750,209,0.435,215,0.0117,0,0,0
17:29:47,37800,209,0.435,215,0.0117,0,0,0
17:29:47,37850,207,0.192,215,0.0117,0,0,0
17:29:47,37900,207,0.192,216,0.0129,0,0,0
17:29:47,37950,207,0.192,215,0.0117,0,0,0
17:29:47,38000,210,0.557,215,0.0117,0,0,0
17:29:47,38050,209,0.435,214,0.0104,0,0,0
17:29:47,38100,209,0.435,215,0.0117,0,0,0
17:29:47,38150,206,0.07,215,0.0117,0,0,0
17:29:47,38200,207,0.192,215,0.0117,0,0,0
17:29:47,38250,207,0.192,215,0.0117,0,0,0
17:29:47,38300,209,0.435,216,0.0129,0,0,0
17:29:47,38350,209,0.435,216,0.0129,0,0,0
17:29:47,38400,207,0.192,215,0.0117,0,0,0
17:29:47,38450,207,0.192,215,0.0117,0,0,0
17:29:47,38500,207,0.192,216,0.0129,0,0,0
17:29:48,38550,207,0.192,215,0.0117,0,0,0
17:29:48,38600,207,0.192,215,0.0117,0,0,0
17:29:48,38650,209,0.435,215,0.0117,0,0,0
17:29:48,38700,206,0.07,216,0.0129,0,0,0
17:29:48,38750,206,0.07,215,0.0117,0,0,0
17:29:48,38800,205,0,211,0.0068,135,135,135
17:29:48,38850,208,0.314,215,0.0117,135,135,135
17:29:48,38900,158,0,162,0,136,136,136
17:29:48,38950,206,0.07,216,0.0129,136,136,136
17:29:48,39000,186,0,169,0,137,137,137
17:29:48,39050,206,0.07,215,0.0117,137,137,137
17:29:48,39100,160,0,164,0,138,138,138
17:29:48,39150,207,0.192,216,0.0129,138,138,138
17:29:48,39200,156,0,160,0,139,139,139
17:29:48,39250,207,0.192,35,0,139,139,139
17:29:48,39300,163,0,165,0,140,140,140
17:29:48,39350,206,0.07,215,0.0117,140,140,140
17:29:48,39400,157,0,161,0,141,141,141
17:29:48,39450,207,0.192,215,0.0117,141,141,141
17:29:48,39500,154,0,157,0,142,142,142
17:29:49,39550,149,0,167,0,142,142,142
17:29:49,39600,161,0,163,0,143,143,143
17:29:49,39650,208,0.314,214,0.0104,143,143,143
17:29:49,39700,155,0,158,0,144,144,144
17:29:49,39750,207,0.192,215,0.0117,144,144,144
17:29:49,39800,152,0,214,0.0104,145,145,145
17:29:49,39851,159,0,163,0,145,145,145
17:29:49,39900,159,0,160,0,146,146,146
17:29:49,39950,210,0.557,215,0.0117,146,146,146
17:29:49,40000,152,0,157,0,147,147,147
17:29:49,40050,207,0.192,165,0,147,147,147
17:29:49,40100,207,0.192,214,0.0104,148,148,148
17:29:49,40150,209,0.435,215,0.0117,148,148,148
17:29:49,40200,156,0,158,0,149,149,149
17:29:49,40250,209,0.435,215,0.0117,149,149,149
17:29:49,40300,155,0,158,0,150,150,150
17:29:49,40350,164,0,167,0,150,150,150
17:29:49,40400,212,0.801,221,0.019,150,151,150
17:29:49,40450,216,1.287,221,0.019,150,151,150
17:29:49,40500,163,0,164,0,150,152,150
17:29:50,40550,217,1.409,174,0,150,152,150
17:29:50,40600,161,0,223,0.0214,150,153,150
17:29:50,40650,168,0,169,0,150,153,150
17:29:50,40700,216,1.287,224,0.0226,150,153,150
17:29:50,40750,219,1.652,223,0.0214,150,153,150
17:29:50,40800,164,0,164,0,150,153,150
17:29:50,40850,172,0,172,0,150,153,150
17:29:50,40900,219,1.652,223,0.0214,150,153,150
17:29:50,40950,168,0,168,0,150,153,150
17:29:50,41000,219,1.652,223,0.0214,150,153,150
17:29:50,41050,217,1.409,222,0.0202,150,153,150
17:29:50,41100,163,0,164,0,150,153,150
17:29:50,41150,171,0,171,0,150,153,150
17:29:50,41200,219,1.652,223,0.0214,150,153,150
17:29:50,41250,167,0,165,0,150,153,150
17:29:50,41300,219,1.652,222,0.0202,150,153,150
17:29:50,41350,217,1.409,172,0,150,153,150
17:29:50,41400,216,1.287,223,0.0214,150,153,150
17:29:50,41450,168,0,168,0,150,153,150
17:29:50,41500,219,1.652,223,0.0214,150,153,150
17:29:51,41550,165,0,166,0,150,153,150
17:29:51,41600,161,0,163,0,150,153,150
17:29:51,41650,169,0,171,0,150,153,150
17:29:51,41700,216,1.287,223,0.0214,150,153,150
17:29:51,41750,165,0,167,0,150,153,150
17:29:51,41800,219,1.652,224,0.0226,151,154,151
17:29:51,41850,164,0,165,0,151,154,151
17:29:51,41900,160,0,224,0.0226,151,154,151
17:29:51,41950,167,0,171,0,151,154,151
17:29:51,42000,218,1.531,225,0.0238,151,154,151
17:29:51,42050,166,0,168,0,151,154,151
17:29:51,42100,218,1.531,207,0.0019,151,154,151
17:29:51,42150,165,0,167,0,151,154,151
17:29:51,42200,219,1.652,225,0.0238,151,154,151
17:29:51,42250,168,0,170,0,151,154,151
17:29:51,42300,218,1.531,225,0.0238,151,154,151
17:29:51,42350,165,0,168,0,151,154,151
17:29:51,42400,174,0,175,0,151,154,151
17:29:51,42450,182,0,225,0.0238,151,154,151
17:29:51,42500,219,1.652,226,0.025,151,154,151
17:29:52,42550,167,0,170,0,151,154,151
17:29:52,42600,220,1.774,226,0.025,151,154,151
17:29:52,42650,164,0,166,0,151,154,151
17:29:52,42700,171,0,174,0,151,154,151
17:29:52,42750,220,1.774,227,0.0263,151,154,151
17:29:52,42800,222,2.018,226,0.025,151,154,151
17:29:52,42850,166,0,169,0,151,154,151
17:29:52,42900,219,1.652,176,0,151,154,151
17:29:52,42950,163,0,227,0.0263,151,154,151
17:29:52,43000,169,0,172,0,151,154,151
17:29:52,43051,219,1.652,226,0.025,151,154,151
17:29:52,43100,222,2.018,225,0.0238,151,154,151
17:29:52,43150,166,0,167,0,151,154,151
17:29:52,43200,171,0,175,0,151,154,151
17:29:52,43250,218,1.531,226,0.025,151,154,151
17:29:52,43300,167,0,170,0,151,154,151
17:29:52,43350,168,0,168,0,151,154,151
17:29:52,43400,221,1.896,177,0,152,155,152
17:29:52,43450,165,0,165,0,152,155,152
17:29:52,43500,172,0,172,0,152,155,152
17:29:53,43550,220,1.774,228,0.0275,152,155,152
17:29:53,43600,167,0,171,0,152,155,152
17:29:53,43650,169,0,169,0,152,155,152
17:29:53,43700,177,0,176,0,152,155,152
17:29:53,43750,166,0,229,0.0287,152,155,152
17:29:53,43800,172,0,173,0,152,155,152
17:29:53,43850,223,2.139,227,0.0263,152,155,152
17:29:53,43900,166,0,169,0,152,155,152
17:29:53,43950,168,0,169,0,152,155,152
17:29:53,44000,174,0,176,0,152,155,152
17:29:53,44050,223,2.139,227,0.0263,152,155,152
17:29:53,44100,171,0,172,0,152,155,152
17:29:53,44150,224,2.261,228,0.0275,152,155,152
17:29:53,44200,165,0,170,0,152,155,152
17:29:53,44250,166,0,222,0.0202,152,155,152
17:29:53,44300,173,0,173,0,152,155,152
17:29:53,44350,223,2.139,229,0.0287,152,155,152
17:29:53,44400,169,0,171,0,152,155,152
17:29:53,44450,224,2.261,228,0.0275,152,155,152
17:29:53,44500,166,0,168,0,152,155,152
17:29:54,44550,221,1.896,229,0.0287,152,155,152
17:29:54,44600,172,0,172,0,152,155,152
17:29:54,44650,224,2.261,227,0.0263,152,155,152
17:29:54,44700,169,0,169,0,152,155,152
17:29:54,44750,217,1.409,178,0,152,155,152
17:29:54,44800,172,0,175,0,152,155,152
17:29:54,44850,221,1.896,227,0.0263,152,155,152
17:29:54,44900,170,0,170,0,153,156,153
17:29:54,44950,224,2.261,229,0.0287,153,156,153
17:29:54,45000,168,0,169,0,153,156,153
17:29:54,45050,176,0,176,0,153,156,153
17:29:54,45100,172,0,174,0,153,156,153
17:29:54,45150,225,2.383,231,0.0311,153,156,153
17:29:54,45200,170,0,172,0,153,156,153
17:29:54,45250,226,2.504,180,0,153,156,153
17:29:54,45300,169,0,231,0.0311,153,156,153
17:29:54,45350,177,0,176,0,153,156,153
17:29:54,45400,171,0,175,0,153,156,153
17:29:54,45450,224,2.261,231,0.0311,153,156,153
17:29:54,45500,168,0,171,0,153,156,153
17:29:55,45550,176,0,179,0,153,156,153
17:29:55,45600,226,2.504,231,0.0311,153,156,153
17:29:55,45650,174,0,175,0,153,156,153
17:29:55,45700,168,0,172,0,153,156,153
17:29:55,45750,223,2.139,232,0.0323,153,156,153
17:29:55,45800,167,0,171,0,153,156,153
17:29:55,45850,174,0,177,0,153,156,153
17:29:55,45900,223,2.139,230,0.0299,153,156,153
17:29:55,45950,172,0,174,0,153,156,153
17:29:55,46000,168,0,172,0,153,156,153
17:29:55,46050,224,2.261,179,0,153,156,153
17:29:55,46100,202,0,231,0.0311,153,156,153
17:29:55,46150,171,0,176,0,153,156,153
17:29:55,46200,224,2.261,232,0.0323,153,156,153
17:29:55,46251,168,0,172,0,153,156,153
17:29:55,46300,166,0,171,0,153,156,153
17:29:55,46351,226,2.504,231,0.0311,153,156,153
17:29:55,46400,224,2.261,231,0.0311,154,157,154
17:29:55,46450,171,0,174,0,154,157,154
17:29:55,46500,225,2.383,234,0.0348,154,157,154
17:29:56,46550,229,2.87,180,0,154,157,154
17:29:56,46600,171,0,234,0.0348,154,157,154
17:29:56,46650,176,0,178,0,154,157,154
17:29:56,46700,227,2.626,233,0.0336,154,157,154
17:29:56,46750,173,0,175,0,154,157,154
17:29:56,46800,229,2.87,192,0,154,157,154
17:29:56,46850,183,0,182,0,154,157,154
17:29:56,46900,231,3.113,235,0.036,154,157,154
17:29:56,46950,177,0,178,0,154,157,154
17:29:56,47000,228,2.748,235,0.036,154,157,154
17:29:56,47050,172,0,175,0,154,157,154
17:29:56,47100,179,0,183,0,154,157,154
17:29:56,47150,180,0,180,0,154,157,154
17:29:56,47200,230,2.991,234,0.0348,154,157,154
17:29:56,47250,176,0,177,0,154,157,154
17:29:56,47300,228,2.748,235,0.036,154,157,154
17:29:56,47350,171,0,173,0,154,157,154
17:29:56,47400,177,0,180,0,154,157,154
17:29:56,47450,177,0,178,0,154,157,154
17:29:56,47500,230,2.991,235,0.036,154,157,154
17:29:57,47550,174,0,176,0,154,157,154
17:29:57,47600,229,2.87,183,0,154,157,154
17:29:57,47650,169,0,245,0.0482,154,157,154
17:29:57,47700,175,0,180,0,154,157,154
17:29:57,47750,177,0,178,0,154,157,154
17:29:57,47800,230,2.991,234,0.0348,154,157,154
17:29:57,47850,173,0,174,0,154,157,154
17:29:57,47900,179,0,180,0,155,158,155
17:29:57,47950,230,2.991,236,0.0372,155,158,155
17:29:57,48000,230,2.991,236,0.0372,155,158,155
17:29:57,48050,176,0,177,0,155,158,155
17:29:57,48100,232,3.235,211,0.0068,155,158,155
17:29:57,48150,176,0,177,0,155,158,155
17:29:57,48200,182,0,183,0,155,158,155
17:29:57,48250,234,3.478,237,0.0384,155,158,155
17:29:57,48300,232,3.235,237,0.0384,155,158,155
17:29:57,48350,177,0,178,0,155,158,155
17:29:57,48400,186,0,185,0,155,158,155
17:29:57,48450,175,0,237,0.0384,155,158,155
17:29:57,48500,181,0,181,0,155,158,155
17:29:58,48550,234,3.478,238,0.0396,155,158,155
17:29:58,48600,232,3.235,238,0.0396,155,158,155
17:29:58,48650,174,0,176,0,155,158,155
17:29:58,48700,184,0,184,0,155,158,155
17:29:58,48750,234,3.478,238,0.0396,155,158,155
17:29:58,48800,179,0,181,0,155,158,155
17:29:58,48850,233,3.356,238,0.0396,155,158,155
17:29:58,48900,231,3.113,186,0,155,158,155
17:29:58,48950,172,0,176,0,155,158,155
17:29:58,49000,178,0,182,0,155,158,155
17:29:58,49050,232,3.235,237,0.0384,155,158,155
17:29:58,49100,178,0,179,0,155,158,155
17:29:58,49150,233,3.356,237,0.0384,155,158,155
17:29:58,49200,181,0,184,0,155,158,155
17:29:58,49250,229,2.87,238,0.0396,155,158,155
17:29:58,49300,177,0,181,0,155,158,155
17:29:58,49350,230,2.991,237,0.0384,155,158,155
17:29:58,49400,176,0,177,0,156,159,156
17:29:58,49451,185,0,186,0,156,159,156
17:29:58,49500,180,0,184,0,156,159,156
17:29:59,49550,233,3.356,239,0.0409,156,159,156
17:29:59,49600,178,0,181,0,156,159,156
17:29:59,49650,233,3.356,240,0.0421,156,159,156
17:29:59,49700,177,0,179,0,156,159,156
17:29:59,49750,175,0,240,0.0421,156,159,156
17:29:59,49800,181,0,183,0,156,159,156
17:29:59,49850,234,3.478,242,0.0445,156,159,156
17:29:59,49900,179,0,181,0,156,159,156
17:29:59,49950,234,3.478,189,0,156,159,156
17:29:59,50000,176,0,240,0.0421,156,159,156
17:29:59,50050,237,3.843,241,0.0433,156,159,156
17:29:59,50100,180,0,184,0,156,159,156
17:29:59,50150,234,3.478,240,0.0421,156,159,156
17:29:59,50200,177,0,180,0,156,159,156
17:29:59,50250,185,0,188,0,156,159,156
17:29:59,50300,234,3.478,241,0.0433,156,159,156
17:29:59,50350,237,3.843,241,0.0433,156,159,156
17:29:59,50400,181,0,181,0,156,159,156
17:29:59,50450,234,3.478,241,0.0433,156,159,156
17:29:59,50500,176,0,179,0,156,159,156
17:30:00,50550,182,0,186,0,156,159,156
17:30:00,50600,234,3.478,241,0.0433,156,159,156
17:30:00,50650,237,3.843,241,0.0433,156,159,156
17:30:00,50700,181,0,182,0,156,159,156
17:30:00,50750,229,2.87,189,0,156,159,156
17:30:00,50800,175,0,241,0.0433,156,159,156
17:30:00,50850,180,0,184,0,156,159,156
17:30:00,50900,234,3.478,241,0.0433,157,160,157
17:30:00,50950,237,3.843,241,0.0433,157,160,157
17:30:00,51000,179,0,179,0,157,160,157
17:30:00,51050,187,0,187,0,157,160,157
17:30:00,51100,238,3.965,244,0.047,157,160,157
17:30:00,51150,182,0,185,0,157,160,157
17:30:00,51200,181,0,183,0,157,160,157
17:30:00,51250,238,3.965,192,0,157,160,157
17:30:00,51300,179,0,244,0.047,157,160,157
17:30:00,51350,186,0,188,0,157,160,157
17:30:00,51400,238,3.965,243,0.0457,157,160,157
17:30:00,51450,182,0,185,0,157,160,157
17:30:00,51500,181,0,182,0,157,160,157
17:30:01,51550,188,0,190,0,157,160,157
17:30:01,51600,238,3.965,245,0.0482,157,160,157
17:30:01,51650,185,0,186,0,157,160,157
17:30:01,51700,238,3.965,244,0.047,157,160,157
17:30:01,51750,181,0,183,0,157,160,157
17:30:01,51800,177,0,182,0,157,160,157
17:30:01,51850,187,0,189,0,157,160,157
17:30:01,51900,238,3.965,244,0.047,157,160,157
17:30:01,51950,182,0,186,0,157,160,157
17:30:01,52000,239,4.087,244,0.047,157,160,157
17:30:01,52050,180,0,182,0,157,160,157
17:30:01,52100,176,0,243,0.0457,157,160,157
17:30:01,52150,183,0,188,0,157,160,157
17:30:01,52200,239,4.087,244,0.047,157,160,157
17:30:01,52250,182,0,183,0,157,160,157
17:30:01,52300,239,4.087,191,0,157,160,157
17:30:01,52350,179,0,225,0.0238,157,160,157
17:30:01,52400,236,3.721,244,0.047,158,161,158
17:30:01,52450,182,0,186,0,158,161,158
17:30:01,52500,238,3.965,245,0.0482,158,161,158
17:30:02,52550,182,0,185,0,158,161,158
17:30:02,52600,191,0,192,0,158,161,158
17:30:02,52651,240,4.208,247,0.0506,158,161,158
17:30:02,52700,239,4.087,247,0.0506,158,161,158
17:30:02,52750,183,0,188,0,158,161,158
17:30:02,52800,239,4.087,200,0,158,161,158
17:30:02,52850,180,0,184,0,158,161,158
17:30:02,52900,189,0,191,0,158,161,158
17:30:02,52950,184,0,190,0,158,161,158
17:30:02,53000,239,4.087,248,0.0518,158,161,158
17:30:02,53050,182,0,187,0,158,161,158
17:30:02,53100,190,0,193,0,158,161,158
17:30:02,53150,178,0,248,0.0518,158,161,158
17:30:02,53200,185,0,190,0,158,161,158
17:30:02,53250,184,0,189,0,158,161,158
17:30:02,53300,238,3.965,248,0.0518,158,161,158
17:30:02,53350,179,0,186,0,158,161,158
17:30:02,53400,187,0,192,0,158,161,158
17:30:02,53450,238,3.965,248,0.0518,158,161,158
17:30:02,53500,182,0,187,0,158,161,158
17:30:03,53550,184,0,189,0,158,161,158
17:30:03,53600,237,3.843,195,0,158,161,158
17:30:03,53650,177,0,184,0,158,161,158
17:30:03,53700,185,0,190,0,158,161,158
17:30:03,53750,237,3.843,247,0.0506,158,161,158
17:30:03,53800,181,0,188,0,158,161,158
17:30:03,53850,182,0,186,0,158,161,158
17:30:03,53900,188,0,192,0,159,162,159
17:30:03,53950,218,1.531,248,0.0518,159,162,159
17:30:03,54000,183,0,190,0,159,162,159
17:30:03,54050,240,4.208,250,0.0543,159,162,159
17:30:03,54100,182,0,188,0,159,162,159
17:30:03,54150,182,0,186,0,159,162,159
17:30:03,54200,189,0,194,0,159,162,159
17:30:03,54250,242,4.452,250,0.0543,159,162,159
17:30:03,54300,184,0,191,0,159,162,159
17:30:03,54350,239,4.087,250,0.0543,159,162,159
17:30:03,54400,194,0,197,0,159,162,159
17:30:03,54450,181,0,251,0.0555,159,162,159
17:30:03,54500,188,0,193,0,159,162,159
17:30:04,54550,243,4.573,250,0.0543,159,162,159
17:30:04,54600,185,0,191,0,159,162,159
17:30:04,54650,242,4.452,198,0,159,162,159
17:30:04,54700,190,0,195,0,159,162,159
17:30:04,54750,242,4.452,250,0.0543,159,162,159
17:30:04,54800,187,0,192,0,159,162,159
17:30:04,54850,243,4.573,251,0.0555,159,162,159
17:30:04,54900,184,0,188,0,159,162,159
17:30:04,54950,190,0,196,0,159,162,159
17:30:04,55000,189,0,195,0,159,162,159
17:30:04,55050,241,4.33,251,0.0555,159,162,159
17:30:04,55100,185,0,191,0,159,162,159
17:30:04,55150,242,4.452,250,0.0543,159,162,159
17:30:04,55200,182,0,188,0,159,162,159
17:30:04,55250,189,0,193,0,159,162,159
17:30:04,55300,184,0,192,0,159,162,159
17:30:04,55350,242,4.452,250,0.0543,159,162,159
17:30:04,55400,183,0,188,0,160,163,160
17:30:04,55450,192,0,196,0,160,163,160
17:30:04,55500,181,0,252,0.0567,160,163,160
17:30:05,55550,190,0,194,0,160,163,160
17:30:05,55600,185,0,193,0,160,163,160
17:30:05,55650,242,4.452,254,0.0591,160,163,160
17:30:05,55700,185,0,189,0,160,163,160
17:30:05,55750,192,0,198,0,160,163,160
17:30:05,55800,244,4.695,254,0.0591,160,163,160
17:30:05,55851,188,0,195,0,160,163,160
17:30:05,55900,184,0,192,0,160,163,160
17:30:05,55950,242,4.452,202,0,160,163,160
17:30:05,56000,181,0,249,0.053,160,163,160
17:30:05,56050,189,0,197,0,160,163,160
17:30:05,56100,244,4.695,254,0.0591,160,163,160
17:30:05,56150,242,4.452,255,0.0603,160,163,160
17:30:05,56200,181,0,192,0,160,163,160
17:30:05,56250,189,0,199,0,160,163,160
17:30:05,56300,242,4.452,254,0.0591,160,163,160
17:30:05,56350,186,0,196,0,160,163,160
17:30:05,56400,244,4.695,255,0.0603,160,163,160
17:30:05,56450,241,4.33,255,0.0603,160,163,160
17:30:05,56500,181,0,189,0,160,163,160
17:30:06,56550,188,0,198,0,160,163,160
17:30:06,56600,241,4.33,254,0.0591,160,163,160
17:30:06,56650,184,0,194,0,160,163,160
17:30:06,56700,243,4.573,254,0.0591,160,163,160
17:30:06,56750,241,4.33,201,0,160,163,160
17:30:06,56800,180,0,254,0.0591,160,163,160
17:30:06,56850,185,0,196,0,160,163,160
17:30:06,56900,240,4.208,255,0.0603,161,164,161
17:30:06,56950,183,0,193,0,161,164,161
17:30:06,57000,258,4.208,202,0,161,164,161
17:30:06,57050,192,0,200,0,161,164,161
17:30:06,57100,242,4.452,257,0.0628,161,164,161
17:30:06,57150,186,0,197,0,161,164,161
17:30:06,57200,242,4.452,258,0.064,161,164,161
17:30:06,57250,183,0,194,0,161,164,161
17:30:06,57300,190,0,202,0,161,164,161
17:30:06,57350,192,0,199,0,161,164,161
17:30:06,57400,243,4.573,258,0.064,161,164,161
17:30:06,57450,184,0,196,0,161,164,161
17:30:06,57500,243,4.573,204,0,161,164,161
17:30:07,57550,183,0,194,0,161,164,161
17:30:07,57600,242,4.452,259,0.0652,161,164,161
17:30:07,57650,190,0,198,0,161,164,161
17:30:07,57700,245,4.817,258,0.064,161,164,161
17:30:07,57750,187,0,195,0,161,164,161
17:30:07,57800,190,0,203,0,161,164,161
17:30:07,57850,182,0,259,0.0652,161,164,161
17:30:07,57900,244,4.695,258,0.064,161,164,161
17:30:07,57950,187,0,198,0,161,164,161
17:30:07,58000,245,4.817,259,0.0652,161,164,161
17:30:07,58050,186,0,194,0,161,164,161
17:30:07,58100,189,0,201,0,161,164,161
17:30:07,58150,241,4.33,257,0.0628,161,164,161
17:30:07,58200,244,4.695,259,0.0652,161,164,161
17:30:07,58250,186,0,196,0,161,164,161
17:30:07,58300,244,4.695,203,0,161,164,161
17:30:07,58350,184,0,193,0,161,164,161
17:30:07,58400,191,0,199,0,162,165,162
17:30:07,58450,243,4.573,260,0.0664,162,165,162
17:30:07,58500,246,4.938,261,0.0676,162,165,162
17:30:08,58550,187,0,196,0,162,165,162
17:30:08,58600,194,0,204,0,162,165,162
17:30:08,58650,185,0,262,0.0689,162,165,162
17:30:08,58700,192,0,202,0,162,165,162
17:30:08,58750,247,5.06,261,0.0676,162,165,162
17:30:08,58800,247,5.06,248,0.0518,162,165,162
17:30:08,58850,186,0,198,0,162,165,162
17:30:08,58900,194,0,204,0,162,165,162
17:30:08,58950,248,5.182,262,0.0689,162,165,162
17:30:08,59000,191,0,201,0,162,165,162
17:30:08,59051,248,5.182,263,0.0701,162,165,162
17:30:08,59100,194,0,207,0.0019,162,165,162
17:30:08,59150,186,0,262,0.0689,162,165,162
17:30:08,59200,191,0,203,0,162,165,162
17:30:08,59250,248,5.182,263,0.0701,162,165,162
17:30:08,59300,188,0,199,0,162,165,162
17:30:08,59350,184,0,198,0,162,165,162
17:30:08,59400,191,0,205,0,162,165,162
17:30:08,59450,243,4.573,263,0.0701,162,165,162
17:30:08,59500,189,0,201,0,162,165,162
17:30:09,59550,246,4.938,262,0.0689,162,165,162
17:30:09,59600,185,0,197,0,162,165,162
17:30:09,59650,182,0,198,0,162,165,162
17:30:09,59700,189,0,203,0,162,165,162
17:30:09,59750,243,4.573,261,0.0676,162,165,162
17:30:09,59800,185,0,199,0,162,165,162
17:30:09,59850,245,4.817,262,0.0689,162,165,162
17:30:09,59900,184,0,196,0,163,166,163
17:30:09,59950,180,0,263,0.0701,163,166,163
17:30:09,60000,187,0,203,0,163,166,163
17:30:09,60050,245,4.817,266,0.0737,163,166,163
17:30:09,60100,186,0,201,0,163,166,163
17:30:09,60150,195,0,210,0.0056,163,166,163
17:30:09,60200,186,0,266,0.0737,163,166,163
17:30:09,60250,246,4.938,266,0.0737,163,166,163
17:30:09,60300,189,0,205,0,163,166,163
17:30:09,60350,247,5.06,267,0.0749,163,166,163
17:30:09,60400,185,0,200,0,163,166,163
17:30:09,60450,194,0,209,0.0044,163,166,163
17:30:09,60500,248,5.182,266,0.0737,163,166,163
17:30:10,60550,246,4.938,266,0.0737,163,166,163
17:30:10,60600,187,0,202,0,163,166,163
17:30:10,60650,246,4.938,213,0.0092,163,166,163
17:30:10,60700,184,0,200,0,163,166,163
17:30:10,60750,190,0,207,0.0019,163,166,163
17:30:10,60800,191,0,204,0,163,166,163
17:30:10,60850,247,5.06,267,0.0749,163,166,163
17:30:10,60900,184,0,202,0,163,166,163
17:30:10,60950,192,0,210,0.0056,163,166,163
17:30:10,61000,245,4.817,266,0.0737,163,166,163
17:30:10,61050,189,0,206,0.0007,163,166,163
17:30:10,61100,190,0,204,0,163,166,163
17:30:10,61150,248,5.182,267,0.0749,163,166,163
17:30:10,61200,186,0,200,0,163,166,163
17:30:10,61250,192,0,207,0.0019,163,166,163
17:30:10,61300,245,4.817,266,0.0737,163,166,163
17:30:10,61350,188,0,205,0,163,166,163
17:30:10,61400,188,0,203,0,164,167,164
17:30:10,61450,239,4.817,211,0.0068,164,167,164
17:30:10,61500,187,0,268,0.0762,164,167,164
17:30:11,61550,194,0,210,0.0056,164,167,164
17:30:11,61600,248,5.182,269,0.0774,164,167,164
17:30:11,61650,189,0,206,0.0007,164,167,164
17:30:11,61700,190,0,204,0,164,167,164
17:30:11,61750,197,0,213,0.0092,164,167,164
17:30:11,61800,251,5.547,270,0.0786,164,167,164
17:30:11,61850,194,0,209,0.0044,164,167,164
17:30:11,61900,252,5.669,270,0.0786,164,167,164
17:30:11,61950,189,0,206,0.0007,164,167,164
17:30:11,62000,189,0,204,0,164,167,164
17:30:11,62050,196,0,211,0.0068,164,167,164
17:30:11,62100,251,5.547,270,0.0786,164,167,164
17:30:11,62150,191,0,208,0.0031,164,167,164
17:30:11,62200,250,5.425,218,0.0153,164,167,164
17:30:11,62251,189,0,205,0,164,167,164
17:30:11,62300,249,5.304,270,0.0786,164,167,164
17:30:11,62350,192,0,210,0.0056,164,167,164
17:30:11,62400,249,5.304,271,0.0798,164,167,164
17:30:11,62450,189,0,206,0.0007,164,167,164
17:30:11,62500,197,0,213,0.0092,164,167,164
17:30:12,62550,193,0,212,0.008,164,167,164
17:30:12,62600,246,4.938,271,0.0798,164,167,164
17:30:12,62650,191,0,208,0.0031,164,167,164
17:30:12,62700,249,5.304,270,0.0786,164,167,164
17:30:12,62750,189,0,206,0.0007,164,167,164
17:30:12,62800,194,0,213,0.0092,164,167,164
17:30:12,62850,191,0,210,0.0056,164,167,164
17:30:12,62900,247,5.06,271,0.0798,164,167,164
17:30:12,62950,188,0,207,0.0019,164,167,164
17:30:12,63000,197,0,213,0.0092,165,168,165
17:30:12,63050,186,0,204,0,165,168,165
17:30:12,63100,193,0,212,0.008,165,168,165
17:30:12,63150,191,0,211,0.0068,165,168,165
17:30:12,63200,249,5.304,273,0.0822,165,168,165
17:30:12,63250,188,0,209,0.0044,165,168,165
17:30:12,63300,194,0,215,0.0117,165,168,165
17:30:12,63350,187,0,273,0.0822,165,168,165
17:30:12,63400,193,0,212,0.008,165,168,165
17:30:12,63450,190,0,211,0.0068,165,168,165
17:30:12,63500,249,5.304,97,0,165,168,165
17:30:13,63550,186,0,208,0.0031,165,168,165
17:30:13,63600,193,0,214,0.0104,165,168,165
17:30:13,63650,249,5.304,274,0.0835,165,168,165
17:30:13,63700,192,0,212,0.008,165,168,165
17:30:13,63750,189,0,209,0.0044,165,168,165
17:30:13,63800,196,0,217,0.0141,165,168,165
17:30:13,63850,186,0,274,0.0835,165,168,165
17:30:13,63900,191,0,213,0.0092,165,168,165
17:30:13,63950,249,5.304,274,0.0835,165,168,165
17:30:13,64000,251,5.547,274,0.0835,165,168,165
17:30:13,64050,188,0,209,0.0044,165,168,165
17:30:13,64100,193,0,216,0.0129,165,168,165
17:30:13,64150,248,5.182,274,0.0835,165,168,165
17:30:13,64200,190,0,212,0.008,165,168,165
17:30:13,64250,248,5.182,274,0.0835,165,168,165
17:30:13,64300,250,5.425,218,0.0153,165,168,165
17:30:13,64350,188,0,207,0.0019,165,168,165
17:30:13,64400,192,0,214,0.0104,165,168,165
17:30:13,64450,248,5.182,275,0.0847,165,168,165
17:30:13,64500,188,0,211,0.0068,166,169,166
17:30:14,64550,248,5.182,225,0.0238,166,169,166
17:30:14,64600,198,0,218,0.0153,166,169,166
17:30:14,64650,189,0,277,0.0871,166,169,166
17:30:14,64700,195,0,216,0.0129,166,169,166
17:30:14,64750,252,5.669,277,0.0871,166,169,166
17:30:14,64800,190,0,213,0.0092,166,169,166
17:30:14,64850,198,0,221,0.019,166,169,166
17:30:14,64900,198,0,219,0.0165,166,169,166
17:30:14,64950,253,5.79,278,0.0883,166,169,166
17:30:14,65000,194,0,215,0.0117,166,169,166
17:30:14,65050,253,5.79,279,0.0895,166,169,166
17:30:14,65100,189,0,213,0.0092,166,169,166
17:30:14,65150,197,0,219,0.0165,166,169,166
17:30:14,65200,195,0,217,0.0141,166,169,166
17:30:14,65250,253,5.79,279,0.0895,166,169,166
17:30:14,65300,193,0,214,0.0104,166,169,166
17:30:14,65350,252,5.669,222,0.0202,166,169,166
17:30:14,65400,189,0,210,0.0056,166,169,166
17:30:14,65451,193,0,219,0.0165,166,169,166
17:30:14,65500,194,0,216,0.0129,166,169,166
17:30:15,65550,252,5.669,278,0.0883,166,169,166
17:30:15,65600,191,0,212,0.008,166,169,166
17:30:15,65650,198,0,220,0.0177,166,169,166
17:30:15,65700,252,5.669,279,0.0895,166,169,166
17:30:15,65750,250,5.425,278,0.0883,166,169,166
17:30:15,65800,193,0,215,0.0117,166,169,166
17:30:15,65850,251,5.547,279,0.0895,166,169,166
17:30:15,65900,190,0,213,0.0092,166,169,166
17:30:15,65950,196,0,218,0.0153,166,169,166
17:30:15,66000,253,5.79,278,0.0883,167,170,167
17:30:15,66050,251,5.547,279,0.0895,167,170,167
17:30:15,66100,190,0,215,0.0117,167,170,167
17:30:15,66150,202,0,223,0.0214,167,170,167
17:30:15,66200,191,0,281,0.092,167,170,167
17:30:15,66250,198,0,220,0.0177,167,170,167
17:30:15,66300,255,6.034,282,0.0932,167,170,167
17:30:15,66350,252,5.669,282,0.0932,167,170,167
17:30:15,66400,189,0,216,0.0129,167,170,167
17:30:15,66450,196,0,223,0.0214,167,170,167
17:30:15,66500,254,5.912,283,0.0944,167,170,167
17:30:16,66550,195,0,219,0.0165,167,170,167
17:30:16,66600,254,5.912,283,0.0944,167,170,167
17:30:16,66650,251,5.547,227,0.0263,167,170,167
17:30:16,66700,187,0,215,0.0117,167,170,167
17:30:16,66750,194,0,222,0.0202,167,170,167
17:30:16,66800,251,5.547,282,0.0932,167,170,167
17:30:16,66850,194,0,220,0.0177,167,170,167
17:30:16,66900,254,5.912,227,0.0263,167,170,167
17:30:16,66950,197,0,224,0.0226,167,170,167
17:30:16,67000,187,0,283,0.0944,167,170,167
17:30:16,67050,192,0,221,0.019,167,170,167
17:30:16,67100,251,5.547,283,0.0944,167,170,167
17:30:16,67150,191,0,217,0.0141,167,170,167
17:30:16,67200,189,0,216,0.0129,167,170,167
17:30:16,67250,195,0,223,0.0214,167,170,167
17:30:16,67300,251,5.547,282,0.0932,167,170,167
17:30:16,67350,192,0,220,0.0177,167,170,167
17:30:16,67400,249,5.304,282,0.0932,167,170,167
17:30:16,67450,188,0,217,0.0141,167,170,167
17:30:16,67500,189,0,282,0.0932,168,171,168
17:30:17,67550,193,0,222,0.0202,168,171,168
17:30:17,67600,252,5.669,283,0.0944,168,171,168
17:30:17,67650,191,0,221,0.019,168,171,168
17:30:17,67700,233,3.356,227,0.0263,168,171,168
17:30:17,67750,189,0,218,0.0153,168,171,168
17:30:17,67800,254,5.912,285,0.0968,168,171,168
17:30:17,67850,195,0,223,0.0214,168,171,168
17:30:17,67900,253,5.79,287,0.0993,168,171,168
17:30:17,67950,191,0,221,0.019,168,171,168
17:30:17,68000,198,0,227,0.0263,168,171,168
17:30:17,68050,189,0,287,0.0993,168,171,168
17:30:17,68100,254,5.912,286,0.0981,168,171,168
17:30:17,68150,195,0,222,0.0202,168,171,168
17:30:17,68200,255,6.034,228,0.0275,168,171,168
17:30:17,68250,190,0,220,0.0177,168,171,168
17:30:17,68300,196,0,227,0.0263,168,171,168
17:30:17,68350,252,5.669,287,0.0993,168,171,168
17:30:17,68400,256,6.155,288,0.1005,168,171,168
17:30:17,68450,193,0,222,0.0202,168,171,168
17:30:17,68500,201,0,229,0.0287,168,171,168
17:30:18,68550,192,0,280,0.0908,168,171,168
17:30:18,68600,194,0,225,0.0238,168,171,168
17:30:18,68651,252,5.669,287,0.0993,168,171,168
17:30:18,68700,255,6.034,287,0.0993,168,171,168
17:30:18,68750,193,0,222,0.0202,168,171,168
17:30:18,68800,199,0,228,0.0275,168,171,168
17:30:18,68850,254,5.912,287,0.0993,168,171,168
17:30:18,68900,195,0,223,0.0214,168,171,168
17:30:18,68950,194,0,222,0.0202,168,171,168
17:30:18,69000,254,5.912,287,0.0993,0,0,0
17:30:18,69050,251,5.547,281,0.092,0,0,0
17:30:18,69100,247,5.06,275,0.0847,0,0,0
17:30:18,69150,243,4.573,270,0.0786,0,0,0
17:30:18,69200,240,4.208,266,0.0737,0,0,0
17:30:18,69250,234,3.478,261,0.0676,0,0,0
17:30:18,69300,233,3.356,256,0.0616,0,0,0
17:30:18,69350,230,2.991,252,0.0567,0,0,0
17:30:18,69400,228,2.748,248,0.0518,0,0,0
17:30:18,69450,226,2.504,245,0.0482,0,0,0
17:30:18,69500,224,2.261,241,0.0433,0,0,0
17:30:19,69550,221,1.896,238,0.0396,0,0,0
17:30:19,69600,219,1.652,236,0.0372,0,0,0
17:30:19,69650,221,1.896,232,0.0323,0,0,0
17:30:19,69700,220,1.774,229,0.0287,0,0,0
17:30:19,69750,219,1.652,227,0.0263,0,0,0
17:30:19,69800,217,1.409,225,0.0238,0,0,0
17:30:19,69850,214,1.044,223,0.0214,0,0,0
17:30:19,69900,212,0.801,222,0.0202,0,0,0
17:30:19,69950,212,0.801,220,0.0177,0,0,0
17:30:19,70000,214,1.044,219,0.0165,0,0,0
17:30:19,70050,214,1.044,217,0.0141,0,0,0
17:30:19,70100,213,0.922,216,0.0129,0,0,0
17:30:19,70150,210,0.557,216,0.0129,0,0,0
17:30:19,70200,210,0.557,216,0.0129,0,0,0
17:30:19,70250,210,0.557,215,0.0117,0,0,0
17:30:19,70300,212,0.801,214,0.0104,0,0,0
17:30:19,70350,212,0.801,214,0.0104,0,0,0
17:30:19,70400,208,0.314,215,0.0117,0,0,0
17:30:19,70450,209,0.435,214,0.0104,0,0,0
17:30:19,70500,208,0.314,213,0.0092,0,0,0
17:30:20,70550,207,0.192,214,0.0104,0,0,0
17:30:20,70600,208,0.314,214,0.0104,0,0,0
17:30:20,70650,209,0.435,213,0.0092,0,0,0
17:30:20,70700,207,0.192,213,0.0092,0,0,0
17:30:20,70750,207,0.192,215,0.0117,0,0,0
17:30:20,70800,208,0.314,214,0.0104,0,0,0
17:30:20,70850,208,0.314,214,0.0104,0,0,0
17:30:20,70900,207,0.192,213,0.0092,0,0,0
17:30:20,70950,207,0.192,214,0.0104,0,0,0
17:30:20,71000,207,0.192,214,0.0104,0,0,0
17:30:20,71050,207,0.192,214,0.0104,0,0,0
17:30:20,71100,207,0.192,214,0.0104,0,0,0
17:30:20,71150,206,0.07,213,0.0092,0,0,0
17:30:20,71200,208,0.314,215,0.0117,0,0,0
17:30:20,71250,207,0.192,213,0.0092,0,0,0
17:30:20,71300,209,0.435,214,0.0104,0,0,0
17:30:20,71350,207,0.192,213,0.0092,0,0,0
17:30:20,71400,206,0.07,214,0.0104,0,0,0
17:30:20,71450,207,0.192,214,0.0104,0,0,0
17:30:20,71500,207,0.192,213,0.0092,0,0,0
17:30:21,71550,207,0.192,213,0.0092,0,0,0
17:30:21,71600,210,0.557,214,0.0104,0,0,0
17:30:21,71650,209,0.435,213,0.0092,0,0,0
17:30:21,71700,206,0.07,213,0.0092,0,0,0
17:30:21,71750,207,0.192,213,0.0092,0,0,0
17:30:21,71800,207,0.192,214,0.0104,0,0,0
17:30:21,71851,206,0.07,214,0.0104,0,0,0
17:30:21,71900,208,0.314,214,0.0104,0,0,0
17:30:21,71950,209,0.435,214,0.0104,0,0,0
17:30:21,72000,209,0.435,214,0.0104,0,0,0
17:30:21,72050,207,0.192,214,0.0104,0,0,0
17:30:21,72100,206,0.07,213,0.0092,0,0,0
17:30:21,72150,209,0.435,215,0.0117,0,0,0
17:30:21,72200,208,0.314,214,0.0104,0,0,0
17:30:21,72250,209,0.435,214,0.0104,0,0,0
17:30:21,72300,210,0.557,215,0.0117,0,0,0
17:30:21,72350,209,0.435,215,0.0117,0,0,0
17:30:21,72400,207,0.192,214,0.0104,0,0,0
17:30:21,72450,209,0.435,214,0.0104,0,0,0
17:30:21,72500,209,0.435,213,0.0092,0,0,0
17:30:22,72550,208,0.314,214,0.0104,0,0,0
17:30:22,72600,208,0.314,215,0.0117,0,0,0
17:30:22,72650,210,0.557,213,0.0092,0,0,0
17:30:22,72700,209,0.435,213,0.0092,0,0,0
17:30:22,72750,209,0.435,215,0.0117,0,0,0
17:30:22,72800,209,0.435,214,0.0104,0,0,0
17:30:22,72850,208,0.314,214,0.0104,0,0,0
17:30:22,72900,209,0.435,214,0.0104,0,0,0
