current_time,t_ms,raw_flow1,proc_flow1,raw_flow2,proc_flow2,raw_flow3,proc_flow3,raw_press,press_MPa,pwm1_cur,pwm2_cur,pwm3_cur
10:23:01.071366,100,225,0.000,224,0.000,225,0.000,408,0.2485,0,0,0
10:23:01.122981,150,225,0.000,224,0.000,225,0.000,390,0.2265,0,0,0
10:23:01.172969,200,224,0.000,224,0.000,225,0.000,372,0.2045,0,0,0
10:23:01.225131,250,224,0.000,224,0.000,225,0.000,357,0.1862,0,0,0
10:23:01.270859,300,224,0.000,224,0.000,225,0.000,372,0.2045,0,0,0
10:23:01.325647,350,224,0.000,224,0.000,225,0.000,358,0.1874,0,0,0
10:23:01.373205,400,224,0.000,224,0.000,225,0.000,343,0.1691,0,0,0
10:23:01.422842,450,224,0.000,224,0.000,225,0.000,331,0.1544,0,0,0
10:23:01.471613,500,224,0.000,224,0.000,225,0.000,318,0.1386,0,0,0
10:23:01.524823,550,224,0.000,224,0.000,225,0.000,306,0.1239,0,0,0
10:23:01.574242,600,224,0.000,224,0.000,225,0.000,322,0.1435,0,0,0
10:23:01.623248,650,224,0.000,224,0.000,225,0.000,312,0.1312,0,0,0
10:23:01.674917,700,224,0.000,224,0.000,226,0.000,299,0.1153,0,0,0
10:23:01.721522,750,224,0.000,224,0.000,225,0.000,289,0.1031,0,0,0
10:23:01.775799,800,225,0.000,224,0.000,225,0.000,278,0.0897,0,0,0
10:23:01.823839,850,224,0.000,224,0.000,225,0.000,270,0.0799,0,0,0
10:23:01.873681,900,225,0.000,224,0.000,225,0.000,286,0.0995,0,0,0
10:23:01.922189,950,225,0.000,224,0.000,226,0.000,277,0.0885,0,0,0
10:23:01.971545,1000,225,0.000,224,0.000,225,0.000,267,0.0762,0,0,0
10:23:02.024809,1050,225,0.000,224,0.000,225,0.000,258,0.0652,0,0,0
10:23:02.073818,1100,224,0.000,224,0.000,225,0.000,249,0.0543,0,0,0
10:23:02.123245,1150,224,0.000,224,0.000,225,0.000,242,0.0457,0,0,0
10:23:02.172083,1200,225,0.000,224,0.000,225,0.000,258,0.0652,0,0,0
10:23:02.221665,1250,225,0.000,224,0.000,225,0.000,251,0.0567,0,0,0
10:23:02.274629,1300,225,0.000,224,0.000,226,0.000,242,0.0457,0,0,0
10:23:02.323812,1350,225,0.000,224,0.000,225,0.000,234,0.0359,0,0,0
10:23:02.372262,1400,225,0.000,224,0.000,225,0.000,227,0.0274,0,0,0
10:23:02.425718,1451,225,0.000,224,0.000,226,0.000,220,0.0188,0,0,0
10:23:02.471504,1500,224,0.000,224,0.000,225,0.000,236,0.0384,0,0,0
10:23:02.525285,1550,224,0.000,224,0.000,225,0.000,230,0.0310,0,0,0
10:23:02.573857,1600,224,0.000,224,0.000,225,0.000,222,0.0213,0,0,0
10:23:02.627847,1650,224,0.000,224,0.000,225,0.000,216,0.0139,0,0,0
10:23:02.675786,1700,225,0.000,224,0.000,224,0.000,210,0.0066,0,0,0
10:23:02.725376,1750,224,0.000,224,0.000,226,0.000,225,0.0249,0,0,0
10:23:02.773942,1800,224,0.000,224,0.000,225,0.000,218,0.0164,0,0,0
10:23:02.827068,1850,224,0.000,224,0.000,225,0.000,212,0.0090,0,0,0
10:23:02.872516,1900,224,0.000,224,0.000,225,0.000,206,0.0017,0,0,0
10:23:02.927679,1950,224,0.000,223,0.000,225,0.000,202,0.0000,0,0,0
10:23:02.974607,2000,224,0.000,223,0.000,225,0.000,196,0.0000,0,0,0
10:23:03.027294,2050,225,0.000,225,0.000,226,0.000,210,0.0066,0,0,0
10:23:03.072664,2100,224,0.000,224,0.000,226,0.000,203,0.0000,0,0,0
10:23:03.123057,2150,224,0.000,224,0.000,226,0.000,197,0.0000,0,0,0
10:23:03.175480,2200,224,0.000,224,0.000,225,0.000,192,0.0000,0,0,0
10:23:03.224487,2250,224,0.000,224,0.000,225,0.000,188,0.0000,0,0,0
10:23:03.273582,2300,224,0.000,223,0.000,225,0.000,184,0.0000,0,0,0
10:23:03.322417,2350,225,0.000,225,0.000,226,0.000,197,0.0000,0,0,0
10:23:03.373278,2400,225,0.000,225,0.000,226,0.000,190,0.0000,0,0,0
10:23:03.425731,2450,225,0.000,225,0.000,226,0.000,186,0.0000,0,0,0
10:23:03.474712,2500,225,0.000,224,0.000,226,0.000,181,0.0000,0,0,0
10:23:03.523782,2550,224,0.000,224,0.000,226,0.000,177,0.0000,0,0,0
10:23:03.575893,2600,224,0.000,224,0.000,226,0.000,173,0.0000,0,0,0
10:23:03.622590,2650,225,0.000,224,0.000,225,0.000,186,0.0000,0,0,0
10:23:03.679312,2700,225,0.000,225,0.000,226,0.000,180,0.0000,0,0,0
10:23:03.724769,2750,225,0.000,224,0.000,226,0.000,176,0.0000,0,0,0
10:23:03.773849,2800,225,0.000,225,0.000,226,0.000,171,0.0000,0,0,0
10:23:03.822896,2850,225,0.000,225,0.000,226,0.000,167,0.0000,0,0,0
10:23:03.881658,2900,224,0.000,224,0.000,225,0.000,164,0.0000,0,0,0
10:23:03.924780,2950,225,0.000,224,0.000,225,0.000,176,0.0000,0,0,0
10:23:03.973828,3000,225,0.000,224,0.000,225,0.000,171,0.0000,0,0,0
10:23:04.023901,3050,225,0.000,224,0.000,226,0.000,167,0.0000,0,0,0
10:23:04.076745,3100,225,0.000,224,0.000,225,0.000,162,0.0000,0,0,0
10:23:04.125746,3150,225,0.000,224,0.000,225,0.000,160,0.0000,0,0,0
10:23:04.175170,3200,225,0.000,223,0.000,225,0.000,171,0.0000,0,0,0
10:23:04.225750,3250,225,0.000,224,0.000,225,0.000,168,0.0000,0,0,0
10:23:04.273785,3300,225,0.000,224,0.000,225,0.000,164,0.0000,0,0,0
10:23:04.327044,3350,225,0.000,224,0.000,225,0.000,160,0.0000,0,0,0
10:23:04.375748,3400,225,0.000,224,0.000,225,0.000,156,0.0000,0,0,0
10:23:04.426644,3450,224,0.000,224,0.000,225,0.000,155,0.0000,0,0,0
10:23:04.474173,3500,225,0.000,224,0.000,225,0.000,164,0.0000,0,0,0
10:23:04.523440,3550,225,0.000,224,0.000,225,0.000,161,0.0000,0,0,0
10:23:04.576152,3600,225,0.000,224,0.000,225,0.000,158,0.0000,0,0,0
10:23:04.625741,3650,224,0.000,224,0.000,226,0.000,154,0.0000,0,0,0
10:23:04.674502,3700,225,0.000,224,0.000,226,0.000,151,0.0000,0,0,0
10:23:04.724167,3750,224,0.000,224,0.000,225,0.000,150,0.0000,0,0,0
10:23:04.776049,3800,225,0.000,224,0.000,225,0.000,159,0.0000,0,0,0
10:23:04.825602,3850,225,0.000,224,0.000,225,0.000,156,0.0000,0,0,0
10:23:04.877114,3900,225,0.000,224,0.000,225,0.000,152,0.0000,0,0,0
10:23:04.924664,3950,225,0.000,224,0.000,225,0.000,150,0.0000,0,0,0
10:23:04.978246,4000,225,0.000,224,0.000,225,0.000,148,0.0000,0,0,0
10:23:05.026717,4050,225,0.000,224,0.000,226,0.000,147,0.0000,0,0,0
10:23:05.079603,4100,224,0.000,223,0.000,224,0.000,154,0.0000,0,0,0
10:23:05.124542,4150,225,0.000,223,0.000,224,0.000,152,0.0000,0,0,0
10:23:05.178334,4200,225,0.000,224,0.000,225,0.000,150,0.0000,0,0,0
10:23:05.223877,4250,225,0.000,224,0.000,225,0.000,149,0.0000,0,0,0
10:23:05.276173,4300,225,0.000,224,0.000,225,0.000,147,0.0000,0,0,0
10:23:05.325959,4350,225,0.000,224,0.000,225,0.000,146,0.0000,0,0,0
10:23:05.375197,4400,224,0.000,223,0.000,225,0.000,152,0.0000,0,0,0
10:23:05.425572,4450,224,0.000,223,0.000,225,0.000,150,0.0000,0,0,0
10:23:05.477702,4500,224,0.000,223,0.000,224,0.000,148,0.0000,0,0,0
10:23:05.530904,4550,224,0.000,224,0.000,225,0.000,148,0.0000,0,0,0
10:23:05.575552,4600,224,0.000,224,0.000,225,0.000,147,0.0000,0,0,0
10:23:05.625354,4651,225,0.000,224,0.000,225,0.000,147,0.0000,0,0,0
10:23:05.674419,4700,224,0.000,224,0.000,225,0.000,151,0.0000,0,0,0
10:23:05.729363,4750,224,0.000,223,0.000,225,0.000,149,0.0000,0,0,0
10:23:05.776164,4800,224,0.000,223,0.000,225,0.000,148,0.0000,0,0,0
10:23:05.825600,4850,224,0.000,224,0.000,225,0.000,148,0.0000,0,0,0
10:23:05.874171,4900,224,0.000,224,0.000,225,0.000,147,0.0000,0,0,0
10:23:05.923480,4950,225,0.000,224,0.000,225,0.000,151,0.0000,0,0,0
10:23:05.977109,5000,225,0.000,224,0.000,225,0.000,149,0.0000,0,0,0
10:23:06.026232,5050,225,0.000,224,0.000,226,0.000,148,0.0000,0,0,0
10:23:06.080136,5100,225,0.000,224,0.000,226,0.000,147,0.0000,0,0,0
10:23:06.124617,5150,224,0.000,224,0.000,225,0.000,146,0.0000,0,0,0
10:23:06.181447,5200,224,0.000,224,0.000,225,0.000,146,0.0000,0,0,0
10:23:06.227102,5250,225,0.000,224,0.000,225,0.000,151,0.0000,0,0,0
10:23:06.280146,5300,225,0.000,224,0.000,225,0.000,149,0.0000,0,0,0
10:23:06.325728,5350,225,0.000,224,0.000,225,0.000,148,0.0000,0,0,0
10:23:06.383898,5400,225,0.000,224,0.000,225,0.000,147,0.0000,0,0,0
10:23:06.426998,5450,225,0.000,224,0.000,225,0.000,147,0.0000,0,0,0
10:23:06.476684,5500,225,0.000,224,0.000,226,0.000,148,0.0000,0,0,0
10:23:06.525920,5550,224,0.000,224,0.000,225,0.000,151,0.0000,0,0,0
10:23:06.575110,5600,224,0.000,224,0.000,225,0.000,149,0.0000,0,0,0
10:23:06.626155,5650,225,0.000,224,0.000,225,0.000,149,0.0000,0,0,0
10:23:06.677668,5700,225,0.000,224,0.000,225,0.000,148,0.0000,0,0,0
10:23:06.728524,5750,225,0.000,224,0.000,225,0.000,149,0.0000,0,0,0
10:23:06.775678,5800,225,0.000,224,0.000,225,0.000,151,0.0000,0,0,0
10:23:06.825379,5850,224,0.000,224,0.000,225,0.000,151,0.0000,0,0,0
10:23:06.874330,5900,224,0.000,224,0.000,224,0.000,151,0.0000,0,0,0
10:23:06.932452,5950,224,0.000,224,0.000,225,0.000,150,0.0000,0,0,0
10:23:06.976803,6000,224,0.000,224,0.000,225,0.000,151,0.0000,0,0,0
10:23:07.025736,6050,225,0.000,224,0.000,225,0.000,153,0.0000,0,0,0
10:23:07.078503,6100,225,0.000,224,0.000,225,0.000,156,0.0000,0,0,0
10:23:07.127174,6150,224,0.000,224,0.000,225,0.000,153,0.0000,0,0,0
10:23:07.177139,6200,225,0.000,224,0.000,225,0.000,153,0.0000,0,0,0
10:23:07.226335,6250,224,0.000,224,0.000,225,0.000,153,0.0000,0,0,0
10:23:07.280124,6300,224,0.000,224,0.000,225,0.000,155,0.0000,0,0,0
10:23:07.328646,6350,224,0.000,224,0.000,225,0.000,156,0.0000,0,0,0
10:23:07.380112,6400,224,0.000,224,0.000,225,0.000,155,0.0000,0,0,0
10:23:07.426430,6450,224,0.000,224,0.000,225,0.000,153,0.0000,0,0,0
10:23:07.478877,6500,225,0.000,224,0.000,225,0.000,154,0.0000,0,0,0
10:23:07.525319,6550,225,0.000,224,0.000,225,0.000,155,0.0000,0,0,0
10:23:07.581300,6600,225,0.000,224,0.000,225,0.000,157,0.0000,0,0,0
10:23:07.627119,6650,225,0.000,224,0.000,225,0.000,160,0.0000,0,0,0
10:23:07.677065,6700,224,0.000,223,0.000,225,0.000,155,0.0000,0,0,0
10:23:07.725917,6750,224,0.000,223,0.000,225,0.000,156,0.0000,0,0,0
10:23:07.775957,6800,224,0.000,223,0.000,224,0.000,158,0.0000,0,0,0
10:23:07.830425,6850,224,0.000,223,0.000,224,0.000,160,0.0000,0,0,0
10:23:07.877226,6900,224,0.000,224,0.000,225,0.000,163,0.0000,0,0,0
10:23:07.932823,6950,224,0.000,224,0.000,225,0.000,166,0.0000,0,0,0
10:23:07.975460,7000,224,0.000,224,0.000,225,0.000,159,0.0000,0,0,0
10:23:08.029272,7050,224,0.000,223,0.000,226,0.000,160,0.0000,0,0,0
10:23:08.078158,7100,224,0.000,223,0.000,224,0.000,162,0.0000,0,0,0
10:23:08.133781,7150,224,0.000,223,0.000,225,0.000,166,0.0000,0,0,0
10:23:08.176069,7200,224,0.000,223,0.000,225,0.000,170,0.0000,0,0,0
10:23:08.226359,7250,224,0.000,223,0.000,225,0.000,174,0.0000,0,0,0
10:23:08.274622,7300,224,0.000,225,0.000,226,0.000,164,0.0000,0,0,0
10:23:08.326841,7350,224,0.000,224,0.000,225,0.000,165,0.0000,0,0,0
10:23:08.377486,7400,224,0.000,223,0.000,226,0.000,168,0.0000,0,0,0
10:23:08.426337,7450,224,0.000,223,0.000,225,0.000,171,0.0000,0,0,0
10:23:08.481084,7500,224,0.000,223,0.000,225,0.000,176,0.0000,0,0,0
10:23:08.528310,7550,224,0.000,223,0.000,225,0.000,181,0.0000,0,0,0
10:23:08.577349,7600,225,0.000,225,0.000,226,0.000,169,0.0000,0,0,0
10:23:08.626529,7650,225,0.000,224,0.000,226,0.000,171,0.0000,0,0,0
10:23:08.678225,7700,225,0.000,224,0.000,226,0.000,174,0.0000,0,0,0
10:23:08.729542,7750,224,0.000,224,0.000,225,0.000,177,0.0000,0,0,0
10:23:08.787424,7800,224,0.000,223,0.000,225,0.000,182,0.0000,0,0,0
10:23:08.828041,7851,224,0.000,223,0.000,225,0.000,187,0.0000,0,0,0
10:23:08.877039,7900,225,0.000,224,0.000,225,0.000,176,0.0000,0,0,0
10:23:08.925890,7950,225,0.000,225,0.000,226,0.000,178,0.0000,0,0,0
10:23:08.979593,8000,225,0.000,224,0.000,226,0.000,181,0.0000,0,0,0
10:23:09.028622,8050,225,0.000,224,0.000,226,0.000,185,0.0000,0,0,0
10:23:09.077611,8100,224,0.000,224,0.000,225,0.000,190,0.0000,0,0,0
10:23:09.133459,8150,225,0.000,224,0.000,225,0.000,178,0.0000,0,0,0
10:23:09.176443,8200,225,0.000,224,0.000,225,0.000,181,0.0000,0,0,0
10:23:09.228158,8250,224,0.000,224,0.000,225,0.000,183,0.0000,0,0,0
10:23:09.278045,8300,225,0.000,224,0.000,225,0.000,187,0.0000,0,0,0
10:23:09.327272,8350,225,0.000,224,0.000,225,0.000,191,0.0000,0,0,0
10:23:09.376313,8400,225,0.000,224,0.000,225,0.000,198,0.0000,0,0,0
10:23:09.430330,8450,224,0.000,224,0.000,225,0.000,184,0.0000,0,0,0
10:23:09.479044,8500,225,0.000,223,0.000,225,0.000,187,0.0000,0,0,0
10:23:09.535040,8550,225,0.000,224,0.000,225,0.000,191,0.0000,0,0,0
10:23:09.576596,8600,224,0.000,224,0.000,225,0.000,196,0.0000,0,0,0
10:23:09.626309,8650,224,0.000,224,0.000,226,0.000,201,0.0000,0,0,0
10:23:09.678928,8700,224,0.000,224,0.000,225,0.000,207,0.0029,0,0,0
10:23:09.728956,8750,225,0.000,224,0.000,225,0.000,192,0.0000,0,0,0
10:23:09.777333,8800,225,0.000,224,0.000,225,0.000,196,0.0000,0,0,0
10:23:09.827592,8850,224,0.000,224,0.000,225,0.000,199,0.0000,0,0,0
10:23:09.881207,8900,224,0.000,224,0.000,225,0.000,205,0.0005,0,0,0
10:23:09.929104,8950,224,0.000,224,0.000,225,0.000,209,0.0054,0,0,0
10:23:09.982513,9000,224,0.000,224,0.000,225,0.000,216,0.0139,0,0,0
10:23:10.028290,9050,225,0.000,224,0.000,225,0.000,200,0.0000,0,0,0
10:23:10.083350,9100,225,0.000,224,0.000,226,0.000,204,0.0000,0,0,0
10:23:10.129436,9150,225,0.000,224,0.000,225,0.000,208,0.0042,0,0,0
10:23:10.182091,9200,225,0.000,224,0.000,225,0.000,214,0.0115,0,0,0
10:23:10.228191,9250,224,0.000,224,0.000,225,0.000,219,0.0176,0,0,0
10:23:10.285910,9300,224,0.000,224,0.000,225,0.000,225,0.0249,0,0,0
10:23:10.326820,9350,225,0.000,224,0.000,225,0.000,210,0.0066,0,0,0
10:23:10.382402,9400,225,0.000,224,0.000,225,0.000,214,0.0115,0,0,0
10:23:10.429858,9450,225,0.000,224,0.000,225,0.000,219,0.0176,0,0,0
10:23:10.478464,9500,225,0.000,224,0.000,225,0.000,224,0.0237,0,0,0
10:23:10.527194,9550,224,0.000,224,0.000,226,0.000,229,0.0298,0,0,0
10:23:10.579340,9600,225,0.000,224,0.000,225,0.000,215,0.0127,0,0,0
10:23:10.629268,9650,224,0.000,224,0.000,225,0.000,218,0.0164,0,0,0
10:23:10.680999,9700,224,0.000,224,0.000,226,0.000,223,0.0225,0,0,0
10:23:10.728455,9750,224,0.000,224,0.000,225,0.000,227,0.0274,0,0,0
10:23:10.784221,9800,225,0.000,223,0.000,225,0.000,234,0.0359,0,0,0
10:23:10.830152,9850,224,0.000,224,0.000,225,0.000,239,0.0420,0,0,0
10:23:10.884999,9900,225,0.000,224,0.000,225,0.000,223,0.0225,0,0,0
10:23:10.928215,9950,225,0.000,224,0.000,226,0.000,227,0.0274,0,0,0
10:23:10.978198,10000,224,0.000,224,0.000,225,0.000,232,0.0335,0,0,0
10:23:11.028064,10050,224,0.000,224,0.000,226,0.000,237,0.0396,0,0,0
10:23:11.079935,10100,224,0.000,224,0.000,225,0.000,244,0.0481,0,0,0
10:23:11.129264,10150,224,0.000,224,0.000,225,0.000,249,0.0543,0,0,0
10:23:11.178320,10200,225,0.000,224,0.000,225,0.000,233,0.0347,0,0,0
10:23:11.228257,10250,225,0.000,224,0.000,225,0.000,236,0.0384,0,0,0
10:23:11.280450,10300,225,0.000,225,0.000,226,0.000,242,0.0457,0,0,0
10:23:11.330463,10350,225,0.000,225,0.000,226,0.000,246,0.0506,0,0,0
10:23:11.379657,10400,224,0.000,224,0.000,226,0.000,253,0.0591,0,0,0
10:23:11.428247,10450,224,0.000,224,0.000,226,0.000,260,0.0677,0,0,0
10:23:11.477963,10500,225,0.000,224,0.000,225,0.000,243,0.0469,0,0,0
10:23:11.530996,10550,225,0.000,224,0.000,225,0.000,247,0.0518,0,0,0
10:23:11.579857,10600,225,0.000,225,0.000,226,0.000,252,0.0579,0,0,0
10:23:11.633948,10650,225,0.000,225,0.000,226,0.000,257,0.0640,0,0,0
10:23:11.678257,10700,225,0.000,225,0.000,226,0.000,264,0.0726,0,0,0
10:23:11.731377,10750,225,0.000,224,0.000,226,0.000,271,0.0811,0,0,0
10:23:11.780416,10800,224,0.000,223,0.000,224,0.000,252,0.0579,0,0,0
10:23:11.837097,10850,225,0.000,224,0.000,225,0.000,257,0.0640,0,0,0
10:23:11.879651,10900,225,0.000,224,0.000,225,0.000,264,0.0726,0,0,0
10:23:11.928234,10950,225,0.000,224,0.000,225,0.000,269,0.0787,0,0,0
10:23:11.981425,11000,225,0.000,225,0.000,226,0.000,276,0.0872,0,0,0
10:23:12.030369,11051,225,0.000,225,0.000,226,0.000,283,0.0958,0,0,0
10:23:12.080705,11100,224,0.000,223,0.000,224,0.000,263,0.0714,0,0,0
10:23:12.128890,11150,224,0.000,223,0.000,225,0.000,269,0.0787,0,0,0
10:23:12.182826,11200,225,0.000,224,0.000,225,0.000,276,0.0872,0,0,0
10:23:12.231083,11250,224,0.000,224,0.000,225,0.000,282,0.0946,0,0,0
10:23:12.288206,11300,225,0.000,225,0.000,225,0.000,290,0.1043,0,0,0
10:23:12.329100,11350,224,0.000,224,0.000,225,0.000,268,0.0775,0,0,0
10:23:12.382964,11400,224,0.000,224,0.000,225,0.000,275,0.0860,0,0,0
10:23:12.428519,11450,224,0.000,223,0.000,225,0.000,280,0.0921,0,0,0
10:23:12.481280,11500,224,0.000,223,0.000,225,0.000,288,0.1019,0,0,0
10:23:12.529795,11550,224,0.000,224,0.000,225,0.000,295,0.1105,0,0,0
10:23:12.579205,11600,224,0.000,224,0.000,225,0.000,304,0.1215,0,0,0
10:23:12.629024,11650,224,0.000,224,0.000,226,0.000,279,0.0909,0,0,0
10:23:12.681903,11700,224,0.000,223,0.000,225,0.000,286,0.0995,0,0,0
10:23:12.732870,11750,224,0.000,224,0.000,225,0.000,292,0.1068,0,0,0
10:23:12.780782,11800,224,0.000,224,0.000,225,0.000,300,0.1166,0,0,0
10:23:12.835123,11850,224,0.000,224,0.000,225,0.000,307,0.1251,0,0,0
10:23:12.882478,11900,224,0.000,224,0.000,225,0.000,316,0.1361,0,0,0
10:23:12.931623,11950,225,0.000,224,0.000,225,0.000,291,0.1056,0,0,0
10:23:12.980789,12000,224,0.000,224,0.000,225,0.000,299,0.1153,0,0,0
10:23:13.037102,12050,224,0.000,223,0.000,225,0.000,305,0.1227,0,0,0
10:23:13.079769,12100,225,0.000,224,0.000,225,0.000,313,0.1325,0,0,0
10:23:13.132343,12150,225,0.000,224,0.000,225,0.000,320,0.1410,0,0,0
10:23:13.181087,12200,225,0.000,224,0.000,225,0.000,330,0.1532,0,0,0
10:23:13.231014,12250,224,0.000,224,0.000,225,0.000,303,0.1202,0,0,0
10:23:13.279156,12300,224,0.000,224,0.000,225,0.000,311,0.1300,0,0,0
10:23:13.329472,12350,224,0.000,224,0.000,225,0.000,318,0.1386,0,0,0
10:23:13.383840,12400,225,0.000,224,0.000,225,0.000,326,0.1483,0,0,0
10:23:13.430749,12450,225,0.000,223,0.000,225,0.000,333,0.1569,0,0,0
10:23:13.480229,12500,225,0.000,224,0.000,225,0.000,344,0.1703,0,0,0
10:23:13.529898,12550,224,0.000,224,0.000,225,0.000,315,0.1349,0,0,0
10:23:13.585077,12600,224,0.000,223,0.000,225,0.000,323,0.1447,0,0,0
10:23:13.631946,12650,224,0.000,224,0.000,225,0.000,331,0.1544,0,0,0
10:23:13.681196,12700,224,0.000,224,0.000,225,0.000,340,0.1654,0,0,0
10:23:13.730738,12750,224,0.000,224,0.000,225,0.000,348,0.1752,0,0,0
10:23:13.780184,12800,225,0.000,224,0.000,225,0.000,321,0.1422,0,0,0
10:23:13.828894,12850,224,0.000,224,0.000,225,0.000,327,0.1496,0,0,0
10:23:13.881873,12900,224,0.000,224,0.000,225,0.000,335,0.1593,0,0,0
10:23:13.932916,12950,224,0.000,224,0.000,225,0.000,342,0.1679,0,0,0
10:23:13.980725,13000,224,0.000,224,0.000,225,0.000,351,0.1789,0,0,0
10:23:14.038226,13050,224,0.000,224,0.000,225,0.000,360,0.1899,0,0,0
10:23:14.081775,13100,225,0.000,224,0.000,225,0.000,332,0.1557,0,0,0
10:23:14.132496,13150,225,0.000,224,0.000,226,0.000,338,0.1630,0,0,0
10:23:14.180781,13200,225,0.000,224,0.000,225,0.000,347,0.1740,0,0,0
10:23:14.237171,13250,225,0.000,224,0.000,225,0.000,354,0.1826,0,0,0
10:23:14.283144,13300,225,0.000,224,0.000,225,0.000,364,0.1948,0,0,0
10:23:14.332402,13350,224,0.000,224,0.000,225,0.000,372,0.2045,0,0,0
10:23:14.381092,13400,225,0.000,224,0.000,225,0.000,343,0.1691,0,0,0
10:23:14.431018,13450,224,0.000,224,0.000,225,0.000,350,0.1777,0,0,0
10:23:14.480417,13500,225,0.000,224,0.000,225,0.000,360,0.1899,0,0,0
10:23:14.533428,13550,225,0.000,224,0.000,224,0.000,367,0.1984,0,0,0
10:23:14.582474,13600,225,0.000,224,0.000,225,0.000,377,0.2107,0,0,0
10:23:14.631042,13650,225,0.000,224,0.000,225,0.000,385,0.2204,0,0,0
10:23:14.680738,13700,224,0.000,224,0.000,225,0.000,355,0.1838,0,0,0
10:23:14.729763,13750,224,0.000,224,0.000,225,0.000,363,0.1935,0,0,0
10:23:14.786103,13800,224,0.000,232,0.000,246,0.000,312,0.1312,140,140,140
10:23:14.832433,13850,275,0.000,274,0.000,264,0.000,327,0.1496,140,140,140
10:23:14.881441,13900,264,0.000,264,0.000,265,0.000,347,0.1740,141,141,141
10:23:14.934415,13950,276,0.000,275,0.000,275,0.000,334,0.1581,141,141,141
10:23:14.982732,14000,266,0.000,275,0.000,280,0.000,301,0.1178,142,142,142
10:23:15.032040,14050,275,0.000,264,0.000,266,0.000,336,0.1606,142,142,142
10:23:15.082442,14100,260,0.000,265,0.000,268,0.000,339,0.1642,143,143,143
10:23:15.134990,14150,272,0.000,279,0.000,276,0.000,357,0.1862,143,143,143
10:23:15.183741,14200,265,0.000,265,0.000,267,0.000,375,0.2082,144,144,144
10:23:15.239788,14251,271,0.000,275,0.000,276,0.000,367,0.1984,144,144,144
10:23:15.282958,14300,264,0.000,271,0.000,279,0.000,345,0.1716,145,145,145
10:23:15.333663,14350,277,0.000,275,0.000,268,0.000,368,0.1997,145,145,145
10:23:15.381020,14400,266,0.000,266,0.000,269,0.000,379,0.2131,146,146,146
10:23:15.436397,14450,282,0.000,277,0.000,279,0.000,379,0.2131,146,146,146
10:23:15.483412,14500,262,0.000,270,0.000,272,0.000,403,0.2424,147,147,147
10:23:15.532312,14550,273,0.000,271,0.000,274,0.000,365,0.1960,147,147,147
10:23:15.581836,14600,270,0.000,269,0.000,276,0.000,347,0.1740,148,148,148
10:23:15.630441,14650,284,0.000,282,0.000,275,0.000,382,0.2168,148,148,148
10:23:15.684043,14700,267,0.000,271,0.000,275,0.000,392,0.2290,149,149,149
10:23:15.732612,14750,279,0.000,282,0.000,286,0.000,382,0.2168,149,149,149
10:23:15.781915,14800,278,0.000,268,0.000,270,0.000,418,0.2608,150,150,150
10:23:15.831828,14850,284,0.000,273,0.000,272,0.000,384,0.2192,150,150,150
10:23:15.881642,14900,269,0.000,273,0.000,278,0.000,385,0.2204,151,151,151
10:23:15.933612,14950,282,0.000,277,0.000,288,0.000,394,0.2314,151,151,151
10:23:15.985821,15000,273,0.000,274,0.000,277,0.000,425,0.2693,152,152,152
10:23:16.031714,15050,276,0.000,285,0.000,291,0.000,404,0.2436,152,152,152
10:23:16.088648,15100,279,0.000,278,0.000,279,0.000,435,0.2815,153,153,153
10:23:16.130503,15150,287,0.000,280,0.000,279,0.000,397,0.2351,153,153,153
10:23:16.185818,15200,275,0.000,275,0.000,283,0.000,415,0.2571,154,154,154
10:23:16.232058,15250,287,0.000,286,0.000,295,0.000,412,0.2534,154,154,154
10:23:16.290337,15300,274,0.000,273,0.000,278,0.000,433,0.2791,154,155,155
10:23:16.335349,15350,277,0.000,282,0.000,299,0.000,420,0.2632,154,155,155
10:23:16.388098,15400,287,0.000,286,0.000,288,0.000,451,0.3011,154,156,156
10:23:16.433955,15450,296,0.000,287,0.000,297,0.000,415,0.2571,154,156,156
10:23:16.486712,15500,298,0.000,275,0.000,295,0.027,431,0.2766,154,156,156
10:23:16.532392,15550,322,0.098,287,0.000,314,0.113,421,0.2644,154,156,156
10:23:16.585918,15600,335,0.236,275,0.000,302,0.134,452,0.3023,154,156,156
10:23:16.634395,15650,342,0.359,276,0.000,328,0.238,443,0.2913,154,156,156
10:23:16.687791,15700,366,0.529,286,0.000,343,0.364,474,0.3292,154,156,156
10:23:16.732679,15750,375,0.682,288,0.000,366,0.533,429,0.2742,154,156,156
10:23:16.781599,15800,372,0.783,277,0.000,369,0.665,462,0.3145,154,156,156
10:23:16.834236,15850,381,0.886,299,0.000,393,0.842,451,0.3011,154,156,156
10:23:16.884368,15900,403,1.036,309,0.049,391,0.963,481,0.3377,154,156,156
10:23:16.933599,15950,394,1.113,318,0.143,405,1.097,479,0.3353,154,156,156
10:23:16.982373,16000,400,1.189,327,0.241,411,1.215,476,0.3316,154,156,156
10:23:17.035971,16050,418,1.305,351,0.393,432,1.372,470,0.3243,154,156,156
10:23:17.084774,16100,411,1.365,344,0.479,427,1.468,500,0.3609,154,156,156
10:23:17.140134,16150,416,1.426,354,0.575,447,1.605,493,0.3524,154,156,156
10:23:17.183366,16200,431,1.520,371,0.702,441,1.684,523,0.3891,154,156,156
10:23:17.236731,16250,423,1.561,365,0.774,447,1.761,537,0.4062,154,156,156
10:23:17.281899,16300,425,1.598,368,0.836,451,1.830,520,0.3854,154,156,156
10:23:17.340155,16350,429,1.638,386,0.941,466,1.931,511,0.3744,154,156,156
10:23:17.383771,16400,442,1.711,378,0.991,459,1.980,540,0.4098,154,156,156
10:23:17.432805,16450,433,1.733,383,1.043,467,2.043,536,0.4049,154,156,156
10:23:17.482366,16500,447,1.797,398,1.132,476,2.119,560,0.4343,154,156,156
10:23:17.535338,16550,435,1.802,389,1.166,469,2.150,573,0.4501,154,156,156
10:23:17.584337,16600,436,1.809,390,1.193,470,2.176,550,0.4220,154,156,156
10:23:17.633773,16650,439,1.824,400,1.247,488,2.255,541,0.4110,154,156,156
10:23:17.689914,16700,452,1.879,402,1.293,473,2.262,572,0.4489,154,156,156
10:23:17.736125,16750,440,1.879,398,1.312,476,2.277,575,0.4526,154,156,156
10:23:17.789799,16800,457,1.936,413,1.377,489,2.332,580,0.4587,154,156,156
10:23:17.834344,16850,443,1.929,402,1.387,479,2.338,605,0.4892,154,156,156
10:23:17.888607,16900,449,1.945,403,1.397,480,2.345,580,0.4587,154,156,156
10:23:17.932878,16950,446,1.946,406,1.415,488,2.378,568,0.4440,154,156,156
10:23:17.985405,17000,459,1.991,422,1.482,487,2.398,597,0.4795,154,156,156
10:23:18.035333,17050,447,1.983,409,1.486,484,2.403,608,0.4929,154,156,156
10:23:18.084337,17100,454,2.001,421,1.530,495,2.443,598,0.4807,154,156,156
10:23:18.133089,17150,448,1.994,410,1.524,484,2.435,621,0.5088,154,156,156
10:23:18.182760,17200,461,2.032,414,1.534,484,2.429,598,0.4807,154,156,156
10:23:18.236311,17250,450,2.023,415,1.544,488,2.438,592,0.4734,154,156,156
10:23:18.284743,17300,463,2.060,427,1.592,498,2.479,612,0.4978,154,156,156
10:23:18.339554,17350,452,2.050,416,1.590,488,2.475,627,0.5161,154,156,156
10:23:18.382771,17400,454,2.049,430,1.635,503,2.522,614,0.5002,154,156,156
10:23:18.436428,17451,463,2.079,418,1.628,488,2.506,636,0.5271,154,156,156
10:23:18.485854,17500,468,2.118,431,1.666,488,2.494,616,0.5027,154,156,156
10:23:18.539458,17550,454,2.098,421,1.660,490,2.492,626,0.5149,154,156,156
10:23:18.579513,17600,467,2.128,434,1.700,504,2.538,619,0.5064,154,156,156
10:23:18.633244,17650,454,2.106,421,1.684,490,2.524,645,0.5381,154,156,156
10:23:18.687925,17700,457,2.100,425,1.687,503,2.558,632,0.5222,154,156,156
10:23:18.729407,17750,456,2.092,425,1.688,497,2.562,603,0.4868,154,156,156
10:23:18.789715,17800,468,2.127,436,1.727,496,2.562,641,0.5332,154,156,156
10:23:18.830893,17850,455,2.108,425,1.718,490,2.541,646,0.5393,154,156,156
10:23:18.888663,17900,465,2.129,440,1.762,503,2.570,635,0.5259,154,156,156
10:23:18.928990,17950,463,2.137,426,1.746,491,2.551,656,0.5516,154,156,156
10:23:18.981679,18000,459,2.129,428,1.741,498,2.560,639,0.5308,154,156,156
10:23:19.034426,18050,459,2.123,427,1.735,491,2.543,637,0.5283,154,156,156
10:23:19.093550,18100,470,2.156,443,1.784,505,2.579,637,0.5283,154,156,156
10:23:19.136576,18150,457,2.136,428,1.769,492,2.560,658,0.5540,154,156,156
10:23:19.186298,18200,459,2.129,435,1.782,502,2.581,645,0.5381,154,156,156
10:23:19.235296,18250,471,2.164,429,1.771,490,2.555,668,0.5662,154,156,156
10:23:19.284297,18300,460,2.152,431,1.770,492,2.543,667,0.5650,154,156,156
10:23:19.335861,18350,459,2.140,429,1.762,491,2.531,661,0.5577,154,156,156
10:23:19.385870,18400,466,2.155,441,1.797,502,2.559,649,0.5430,154,156,156
10:23:19.437797,18450,458,2.139,430,1.785,489,2.536,670,0.5687,154,156,156
10:23:19.485310,18500,460,2.134,431,1.780,503,2.567,656,0.5516,154,156,156
10:23:19.536120,18550,475,2.181,441,1.810,490,2.545,677,0.5772,154,156,156
10:23:19.586399,18600,459,2.161,430,1.795,491,2.532,685,0.5870,154,156,156
10:23:19.639796,18650,458,2.143,430,1.783,491,2.523,675,0.5748,154,156,156
10:23:19.685697,18700,460,2.137,441,1.813,502,2.554,652,0.5467,154,156,156
10:23:19.734711,18750,466,2.153,428,1.790,490,2.535,681,0.5821,154,156,156
10:23:19.783974,18800,459,2.140,431,1.783,491,2.525,672,0.5711,154,156,156
10:23:19.837136,18850,471,2.172,442,1.816,496,2.535,694,0.5980,154,156,156
10:23:19.885873,18900,458,2.151,430,1.799,491,2.525,698,0.6029,154,156,156
10:23:19.935692,18950,458,2.136,428,1.780,489,2.511,688,0.5907,154,156,156
10:23:19.986720,19000,459,2.128,435,1.789,501,2.542,673,0.5723,154,156,156
10:23:20.034786,19050,471,2.164,435,1.797,489,2.523,694,0.5980,154,156,156
10:23:20.087823,19100,459,2.148,430,1.785,490,2.513,692,0.5956,154,156,156
10:23:20.136110,19150,471,2.178,444,1.824,505,2.557,687,0.5894,154,156,156
10:23:20.187845,19200,463,2.172,443,1.849,505,2.589,660,0.5565,154,156,156
10:23:20.234696,19250,462,2.165,428,1.816,489,2.557,682,0.5833,154,156,156
10:23:20.293796,19300,457,2.142,429,1.795,495,2.555,670,0.5687,154,156,156
10:23:20.336673,19350,469,2.167,441,1.821,490,2.536,693,0.5968,154,156,156
10:23:20.386264,19400,458,2.147,429,1.799,488,2.516,700,0.6053,154,156,156
10:23:20.435264,19450,466,2.160,440,1.821,500,2.542,683,0.5846,154,156,156
10:23:20.484353,19500,458,2.142,436,1.822,501,2.564,665,0.5626,154,156,156
10:23:20.537540,19550,468,2.164,428,1.797,489,2.539,691,0.5943,154,156,156
10:23:20.586387,19600,457,2.142,430,1.785,491,2.528,682,0.5833,154,156,156
10:23:20.638550,19650,473,2.180,443,1.820,499,2.547,693,0.5968,154,156,156
10:23:20.684853,19700,456,2.150,428,1.795,488,2.524,705,0.6114,154,156,156
10:23:20.739492,19750,458,2.135,440,1.818,500,2.548,684,0.5858,154,156,156
10:23:20.786863,19800,458,2.124,432,1.807,502,2.572,667,0.5650,154,156,156
10:23:20.839356,19850,469,2.154,439,1.823,488,2.541,692,0.5956,154,156,156
10:23:20.886003,19900,458,2.138,429,1.800,489,2.523,700,0.6053,154,156,156
10:23:20.935665,19950,469,2.164,441,1.825,500,2.547,694,0.5980,154,156,156
10:23:20.987817,20000,456,2.138,429,1.802,488,2.524,704,0.6102,154,156,156
10:23:21.037242,20050,457,2.123,434,1.802,500,2.547,687,0.5894,154,156,156
10:23:21.085676,20100,458,2.116,432,1.796,494,2.544,679,0.5797,154,156,156
10:23:21.135667,20150,469,2.148,442,1.825,495,2.545,700,0.6053,154,156,156
10:23:21.192701,20200,456,2.127,429,1.802,490,2.529,708,0.6151,154,156,156
10:23:21.237796,20250,464,2.139,441,1.826,505,2.569,689,0.5919,154,156,156
10:23:21.289329,20300,462,2.140,429,1.803,487,2.536,709,0.6163,154,156,156
10:23:21.335995,20350,457,2.125,430,1.789,494,2.536,692,0.5956,154,156,156
10:23:21.386683,20400,456,2.110,429,1.776,489,2.519,693,0.5968,154,156,156
10:23:21.434662,20450,468,2.140,441,1.807,500,2.544,689,0.5919,154,156,156
10:23:21.490825,20500,456,2.121,429,1.789,488,2.522,712,0.6200,154,156,156
10:23:21.537223,20550,457,2.111,437,1.803,499,2.543,691,0.5943,154,156,156
10:23:21.586200,20600,472,2.154,433,1.800,486,2.514,710,0.6175,154,156,156
10:23:21.635589,20651,456,2.131,430,1.787,489,2.503,699,0.6041,154,156,156
10:23:21.684656,20700,456,2.115,430,1.778,489,2.495,708,0.6151,154,156,156
10:23:21.737671,20750,468,2.144,445,1.822,500,2.527,692,0.5956,154,156,156
10:23:21.786725,20800,455,2.120,428,1.797,486,2.502,711,0.6188,154,156,156
10:23:21.839452,20850,456,2.107,431,1.788,499,2.529,694,0.5980,154,156,156
10:23:21.889198,20900,467,2.134,441,1.816,486,2.504,715,0.6237,154,156,156
10:23:21.937609,20950,468,2.158,444,1.846,498,2.526,693,0.5968,154,156,156
10:23:21.987482,21000,455,2.131,429,1.817,487,2.505,703,0.6090,154,156,156
10:23:22.041457,21050,456,2.114,442,1.841,499,2.531,688,0.5907,154,156,156
10:23:22.086222,21100,466,2.136,428,1.810,487,2.509,706,0.6127,154,156,156
10:23:22.142512,21150,455,2.115,431,1.798,493,2.513,693,0.5968,154,156,156
10:23:22.187427,21200,467,2.140,441,1.823,497,2.529,709,0.6163,154,156,156
10:23:22.236728,21250,470,2.169,441,1.841,499,2.548,685,0.5870,154,156,156
10:23:22.286088,21300,454,2.135,429,1.814,487,2.521,699,0.6041,154,156,156
10:23:22.335633,21350,457,2.121,436,1.817,501,2.549,678,0.5784,154,156,156
10:23:22.392684,21400,467,2.145,436,1.820,486,2.518,705,0.6114,154,156,156
10:23:22.437821,21450,455,2.121,429,1.799,488,2.503,700,0.6053,154,156,156
10:23:22.492321,21500,469,2.151,442,1.827,499,2.529,704,0.6102,154,156,156
10:23:22.535740,21550,461,2.146,441,1.844,498,2.545,679,0.5797,154,156,156
10:23:22.592425,21600,460,2.139,429,1.816,486,2.515,707,0.6139,154,156,156
10:23:22.638559,21650,456,2.121,430,1.799,493,2.518,688,0.5907,154,156,156
10:23:22.692229,21700,468,2.148,444,1.834,491,2.513,708,0.6151,154,156,156
10:23:22.737136,21750,454,2.120,430,1.812,487,2.495,713,0.6212,154,156,156
10:23:22.785882,21800,461,2.124,441,1.833,498,2.520,696,0.6004,154,156,156
10:23:22.835468,21850,456,2.109,441,1.848,500,2.545,685,0.5870,154,156,156
10:23:22.887652,21900,466,2.133,435,1.839,486,2.515,706,0.6127,155,157,157
10:23:22.939420,21950,455,2.112,430,1.816,488,2.501,694,0.5980,155,157,157
10:23:22.987537,22000,461,2.118,445,1.849,502,2.538,698,0.6029,156,158,158
10:23:23.035686,22050,455,2.102,428,1.816,492,2.531,715,0.6237,156,158,158
10:23:23.088406,22100,455,2.090,431,1.802,499,2.549,698,0.6029,157,159,159
10:23:23.139903,22150,455,2.082,426,1.775,500,2.566,686,0.5882,157,159,159
10:23:23.187360,22200,461,2.096,441,1.807,490,2.544,708,0.6151,158,160,160
10:23:23.240685,22250,448,2.062,428,1.785,488,2.522,704,0.6102,158,160,160
10:23:23.289281,22300,460,2.078,445,1.828,496,2.532,697,0.6017,159,161,161
10:23:23.340399,22350,458,2.083,439,1.838,486,2.506,723,0.6334,159,161,161
10:23:23.387780,22400,475,2.145,446,1.869,496,2.521,702,0.6078,160,162,162
10:23:23.437594,22450,472,2.179,454,1.918,507,2.570,688,0.5907,160,162,162
10:23:23.486600,22500,499,2.295,480,2.042,519,2.645,712,0.6200,161,163,163
10:23:23.539450,22550,495,2.365,476,2.118,518,2.696,719,0.6285,161,163,163
10:23:23.591599,22600,503,2.443,493,2.231,542,2.815,695,0.5992,162,164,164
10:23:23.637722,22650,517,2.547,489,2.299,535,2.876,715,0.6237,162,164,164
10:23:23.691796,22700,543,2.710,513,2.429,548,2.965,716,0.6249,163,165,165
10:23:23.736734,22750,540,2.818,517,2.537,562,3.077,710,0.6175,163,165,165
10:23:23.791439,22800,564,2.977,538,2.686,584,3.232,712,0.6200,164,166,166
10:23:23.838361,22850,563,3.089,534,2.780,577,3.320,731,0.6432,164,166,166
10:23:23.895301,22900,577,3.217,551,2.906,608,3.489,715,0.6237,165,167,167
10:23:23.936157,22950,600,3.387,559,3.023,605,3.601,737,0.6505,165,167,167
10:23:23.986582,23000,613,3.555,584,3.193,621,3.736,732,0.6444,166,168,168
10:23:24.039242,23050,612,3.672,582,3.309,626,3.851,747,0.6628,166,168,168
10:23:24.088357,23100,624,3.798,605,3.471,652,4.022,729,0.6408,167,169,169
10:23:24.137551,23150,632,3.916,602,3.578,650,4.138,752,0.6689,167,169,169
10:23:24.186634,23200,645,4.045,615,3.699,668,4.284,743,0.6579,168,170,170
10:23:24.241974,23250,667,4.213,631,3.841,671,4.399,766,0.6860,168,170,170
10:23:24.288814,23300,680,4.378,647,3.998,694,4.560,761,0.6799,169,171,171
10:23:24.342361,23350,668,4.457,644,4.101,692,4.670,774,0.6957,169,171,171
10:23:24.387471,23400,687,4.578,663,4.240,715,4.827,759,0.6774,169,171,171
10:23:24.443353,23450,699,4.707,662,4.337,709,4.920,779,0.7019,169,171,171
10:23:24.490126,23500,697,4.793,668,4.427,715,5.008,776,0.6982,169,171,171
10:23:24.545541,23550,708,4.892,687,4.557,722,5.095,799,0.7263,169,171,171
10:23:24.587652,23600,712,4.978,689,4.657,730,5.185,783,0.7067,169,171,171
10:23:24.637690,23650,697,4.988,672,4.672,716,5.203,805,0.7336,169,171,171
10:23:24.687650,23700,696,4.993,673,4.686,727,5.253,790,0.7153,169,171,171
10:23:24.740184,23750,706,5.030,666,4.673,711,5.235,813,0.7434,169,171,171
10:23:24.789237,23800,690,5.003,669,4.673,710,5.218,821,0.7532,169,171,171
10:23:24.838331,23851,700,5.017,679,4.708,720,5.240,824,0.7568,169,171,171
10:23:24.891860,23900,685,4.976,676,4.722,716,5.243,799,0.7263,169,171,171
10:23:24.940531,23950,680,4.930,661,4.682,694,5.170,821,0.7532,169,171,171
10:23:24.990367,24000,678,4.889,662,4.656,706,5.158,809,0.7385,169,171,171
10:23:25.039006,24050,691,4.904,670,4.665,697,5.119,830,0.7642,169,171,171
10:23:25.095276,24100,671,4.847,655,4.620,696,5.087,837,0.7727,169,171,171
10:23:25.136655,24150,670,4.803,654,4.584,694,5.057,829,0.7630,169,171,171
10:23:25.189711,24200,668,4.764,658,4.572,700,5.056,811,0.7410,169,171,171
10:23:25.239173,24250,678,4.770,649,4.533,690,5.021,839,0.7752,169,171,171
10:23:25.288507,24300,657,4.702,647,4.497,689,4.993,837,0.7727,169,171,171
10:23:25.338368,24350,676,4.718,660,4.516,694,4.989,841,0.7776,169,171,171
10:23:25.390335,24400,660,4.676,645,4.479,687,4.963,854,0.7935,169,171,171
10:23:25.440668,24450,658,4.638,643,4.445,685,4.937,850,0.7886,169,171,171
10:23:25.489309,24500,659,4.614,635,4.393,690,4.936,833,0.7678,169,171,171
10:23:25.544226,24550,669,4.631,646,4.393,682,4.907,852,0.7911,169,171,171
10:23:25.587511,24600,655,4.596,639,4.370,681,4.883,859,0.7996,169,171,171
10:23:25.641772,24650,667,4.611,655,4.407,696,4.917,850,0.7886,169,171,171
10:23:25.689461,24700,653,4.574,630,4.349,679,4.884,866,0.8082,169,171,171
10:23:25.739259,24750,656,4.558,633,4.317,677,4.853,851,0.7898,169,171,171
10:23:25.788538,24800,651,4.529,634,4.298,678,4.834,841,0.7776,169,171,171
10:23:25.837477,24850,663,4.549,646,4.324,680,4.827,860,0.8008,169,171,171
10:23:25.890591,24900,650,4.520,633,4.299,670,4.788,868,0.8106,169,171,171
10:23:25.939941,24950,651,4.502,644,4.319,687,4.817,846,0.7837,169,171,171
10:23:25.990374,25000,655,4.502,631,4.289,675,4.798,865,0.8069,169,171,171
10:23:26.037421,25050,659,4.516,629,4.260,673,4.777,852,0.7911,169,171,171
10:23:26.092702,25100,647,4.485,631,4.246,677,4.776,857,0.7972,169,171,171
10:23:26.140501,25150,663,4.518,644,4.280,685,4.802,857,0.7972,169,171,171
10:23:26.192344,25200,646,4.483,629,4.254,674,4.784,866,0.8082,169,171,171
10:23:26.239154,25250,646,4.458,635,4.255,685,4.808,835,0.7703,169,171,171
10:23:26.297627,25300,658,4.481,627,4.229,673,4.784,858,0.7984,169,171,171
10:23:26.340944,25350,654,4.484,640,4.255,672,4.764,853,0.7923,169,171,171
10:23:26.390064,25400,644,4.452,628,4.232,673,4.753,861,0.8021,169,171,171
10:23:26.439507,25450,651,4.453,641,4.260,686,4.789,852,0.7911,169,171,171
10:23:26.489171,25500,642,4.423,626,4.229,672,4.767,859,0.7996,169,171,171
10:23:26.542063,25550,645,4.411,628,4.214,681,4.782,842,0.7788,169,171,171
10:23:26.591062,25600,644,4.399,627,4.199,672,4.762,848,0.7862,169,171,171
10:23:26.641221,25650,658,4.438,640,4.233,678,4.769,860,0.8008,169,171,171
10:23:26.689561,25700,644,4.419,626,4.210,671,4.749,866,0.8082,169,171,171
10:23:26.738488,25750,646,4.412,640,4.240,688,4.793,847,0.7849,169,171,171
10:23:26.791143,25800,650,4.420,625,4.212,671,4.767,866,0.8082,169,171,171
10:23:26.846587,25850,644,4.406,627,4.198,673,4.755,852,0.7911,169,171,171
10:23:26.890064,25900,643,4.392,626,4.184,672,4.743,867,0.8094,169,171,171
10:23:26.939514,25950,657,4.430,639,4.218,679,4.758,859,0.7996,169,171,171
10:23:26.988090,26000,644,4.413,626,4.199,671,4.741,875,0.8192,169,171,171
10:23:27.041471,26050,647,4.411,626,4.185,683,4.770,855,0.7947,169,171,171
10:23:27.091058,26100,662,4.460,632,4.196,670,4.747,874,0.8179,169,171,171
10:23:27.140066,26150,643,4.432,626,4.183,671,4.734,870,0.8130,169,171,171
10:23:27.192197,26200,643,4.411,625,4.170,671,4.724,877,0.8216,169,171,171
10:23:27.238080,26250,650,4.420,640,4.212,682,4.754,855,0.7947,169,171,171
10:23:27.294347,26300,637,4.382,623,4.184,669,4.732,874,0.8179,169,171,171
10:23:27.340885,26350,642,4.371,625,4.171,676,4.740,844,0.7813,169,171,171
10:23:27.391753,26400,655,4.408,637,4.202,670,4.725,877,0.8216,169,171,171
10:23:27.439064,26450,643,4.394,618,4.160,670,4.714,879,0.8240,169,171,171
10:23:27.500423,26500,641,4.377,617,4.127,670,4.707,877,0.8216,169,171,171
10:23:27.541458,26550,643,4.371,631,4.150,683,4.745,857,0.7972,169,171,171
10:23:27.590364,26600,655,4.408,623,4.139,669,4.726,877,0.8216,169,171,171
10:23:27.640177,26650,643,4.394,625,4.139,672,4.722,874,0.8179,169,171,171
10:23:27.692483,26700,656,4.428,633,4.165,681,4.749,876,0.8204,169,171,171
10:23:27.741454,26750,643,4.408,625,4.157,671,4.735,880,0.8253,169,171,171
10:23:27.791026,26800,580,4.180,562,3.938,608,4.512,954,0.9157,0,0,0
10:23:27.844435,26850,559,3.944,542,3.712,584,4.269,946,0.9059,0,0,0
10:23:27.889566,26900,522,3.649,507,3.430,544,3.957,937,0.8949,0,0,0
10:23:27.939248,26950,489,3.323,475,3.117,508,3.610,928,0.8839,0,0,0
10:23:27.991753,27000,459,2.986,447,2.797,476,3.251,916,0.8693,0,0,0
10:23:28.044152,27051,432,2.651,422,2.480,448,2.897,904,0.8546,0,0,0
10:23:28.089573,27100,409,2.331,400,2.177,423,2.556,887,0.8338,0,0,0
10:23:28.139051,27150,388,2.028,380,1.890,401,2.235,877,0.8216,0,0,0
10:23:28.188458,27200,370,1.749,362,1.622,381,1.936,867,0.8094,0,0,0
10:23:28.242012,27250,353,1.489,346,1.374,363,1.658,856,0.7959,0,0,0
10:23:28.291116,27300,339,1.254,333,1.150,348,1.407,844,0.7813,0,0,0
10:23:28.339340,27350,326,1.040,321,0.948,334,1.178,827,0.7605,0,0,0
10:23:28.389138,27400,314,0.845,310,0.765,322,0.971,818,0.7495,0,0,0
10:23:28.442433,27450,304,0.670,300,0.599,311,0.785,809,0.7385,0,0,0
10:23:28.495082,27500,296,0.517,291,0.448,301,0.617,801,0.7287,0,0,0
10:23:28.541272,27550,288,0.379,284,0.315,292,0.464,791,0.7165,0,0,0
10:23:28.592480,27600,281,0.255,277,0.196,285,0.331,780,0.7031,0,0,0
10:23:28.639147,27650,275,0.145,272,0.093,279,0.214,765,0.6848,0,0,0
10:23:28.697381,27700,268,0.043,266,-0.002,273,0.109,758,0.6762,0,0,0
10:23:28.741402,27750,263,0.000,261,0.000,267,0.013,751,0.6676,0,0,0
10:23:28.790127,27800,259,0.000,257,0.000,262,0.000,744,0.6591,0,0,0
10:23:28.840022,27850,255,0.000,253,0.000,257,0.000,736,0.6493,0,0,0
10:23:28.892431,27900,251,0.000,249,0.000,253,0.000,727,0.6383,0,0,0
10:23:28.941990,27950,250,0.000,247,0.000,252,0.000,716,0.6249,0,0,0
10:23:28.991417,28000,246,0.000,245,0.000,249,0.000,710,0.6175,0,0,0
10:23:29.041247,28050,244,0.000,243,0.000,246,0.000,704,0.6102,0,0,0
10:23:29.089991,28100,241,0.000,240,0.000,243,0.000,697,0.6017,0,0,0
10:23:29.149024,28150,239,0.000,238,0.000,241,0.000,690,0.5931,0,0,0
10:23:29.191995,28200,237,0.000,236,0.000,239,0.000,682,0.5833,0,0,0
10:23:29.245240,28250,237,0.000,236,0.000,238,0.000,676,0.5760,0,0,0
10:23:29.290419,28300,236,0.000,235,0.000,237,0.000,671,0.5699,0,0,0
10:23:29.339178,28350,234,0.000,233,0.000,236,0.000,666,0.5638,0,0,0
10:23:29.392399,28400,233,0.000,232,0.000,234,0.000,659,0.5552,0,0,0
10:23:29.441987,28450,232,0.000,231,0.000,233,0.000,653,0.5479,0,0,0
10:23:29.490993,28500,231,0.000,230,0.000,233,0.000,646,0.5393,0,0,0
10:23:29.540025,28550,231,0.000,230,0.000,231,0.000,643,0.5357,0,0,0
10:23:29.590288,28600,230,0.000,229,0.000,231,0.000,640,0.5320,0,0,0
10:23:29.642393,28650,230,0.000,228,0.000,230,0.000,635,0.5259,0,0,0
10:23:29.694264,28700,229,0.000,228,0.000,230,0.000,629,0.5186,0,0,0
10:23:29.741269,28750,228,0.000,227,0.000,229,0.000,623,0.5112,0,0,0
10:23:29.792409,28800,228,0.000,227,0.000,229,0.000,618,0.5051,0,0,0
10:23:29.839237,28850,227,0.000,226,0.000,228,0.000,615,0.5015,0,0,0
10:23:29.899455,28900,227,0.000,226,0.000,228,0.000,612,0.4978,0,0,0
10:23:29.941390,28950,226,0.000,226,0.000,228,0.000,609,0.4941,0,0,0
10:23:29.990980,29000,226,0.000,226,0.000,227,0.000,603,0.4868,0,0,0
10:23:30.039984,29050,226,0.000,225,0.000,227,0.000,598,0.4807,0,0,0
10:23:30.092181,29100,226,0.000,225,0.000,227,0.000,599,0.4819,0,0,0
10:23:30.141956,29150,226,0.000,225,0.000,227,0.000,597,0.4795,0,0,0
10:23:30.190717,29200,226,0.000,225,0.000,227,0.000,596,0.4783,0,0,0
10:23:30.242169,29250,226,0.000,225,0.000,227,0.000,593,0.4746,0,0,0
10:23:30.293328,29300,225,0.000,224,0.000,226,0.000,588,0.4685,0,0,0
10:23:30.349251,29350,225,0.000,224,0.000,226,0.000,584,0.4636,0,0,0
10:23:30.392079,29400,226,0.000,225,0.000,227,0.000,585,0.4648,0,0,0
10:23:30.445354,29450,225,0.000,225,0.000,227,0.000,583,0.4624,0,0,0
10:23:30.490205,29500,226,0.000,225,0.000,226,0.000,581,0.4599,0,0,0
10:23:30.547553,29550,225,0.000,224,0.000,226,0.000,577,0.4550,0,0,0
10:23:30.592402,29600,225,0.000,224,0.000,226,0.000,571,0.4477,0,0,0
10:23:30.641264,29650,225,0.000,224,0.000,226,0.000,565,0.4404,0,0,0
10:23:30.690955,29700,225,0.000,224,0.000,226,0.000,569,0.4453,0,0,0
10:23:30.739997,29750,225,0.000,224,0.000,226,0.000,567,0.4428,0,0,0
10:23:30.793409,29800,225,0.000,224,0.000,226,0.000,565,0.4404,0,0,0
10:23:30.842159,29850,225,0.000,224,0.000,226,0.000,562,0.4367,0,0,0
10:23:30.898081,29900,225,0.000,224,0.000,226,0.000,557,0.4306,0,0,0
10:23:30.940903,29950,225,0.000,224,0.000,226,0.000,553,0.4257,0,0,0
10:23:30.992303,30000,225,0.000,224,0.000,226,0.000,560,0.4343,0,0,0
10:23:31.043334,30050,225,0.000,224,0.000,226,0.000,559,0.4330,0,0,0
10:23:31.101068,30100,225,0.000,224,0.000,226,0.000,557,0.4306,0,0,0
10:23:31.141586,30150,225,0.000,224,0.000,226,0.000,554,0.4269,0,0,0
10:23:31.191038,30200,224,0.000,224,0.000,225,0.000,550,0.4220,0,0,0
10:23:31.243633,30251,225,0.000,224,0.000,226,0.000,545,0.4159,0,0,0
10:23:31.292922,30300,224,0.000,224,0.000,226,0.000,552,0.4245,0,0,0
10:23:31.342346,30350,224,0.000,224,0.000,226,0.000,551,0.4233,0,0,0
10:23:31.391358,30400,224,0.000,224,0.000,226,0.000,548,0.4196,0,0,0
10:23:31.444523,30450,224,0.000,224,0.000,226,0.000,546,0.4172,0,0,0
10:23:31.493915,30500,224,0.000,224,0.000,226,0.000,541,0.4110,0,0,0
10:23:31.549914,30550,225,0.000,225,0.000,226,0.000,548,0.4196,0,0,0
10:23:31.591495,30600,225,0.000,224,0.000,226,0.000,546,0.4172,0,0,0
10:23:31.644131,30650,225,0.000,225,0.000,226,0.000,544,0.4147,0,0,0
10:23:31.694318,30700,224,0.000,224,0.000,227,0.000,540,0.4098,0,0,0
10:23:31.747138,30750,224,0.000,224,0.000,226,0.000,537,0.4062,0,0,0
10:23:31.792920,30800,224,0.000,223,0.000,226,0.000,532,0.4000,0,0,0
10:23:31.841613,30850,225,0.000,225,0.000,226,0.000,541,0.4110,0,0,0
10:23:31.891343,30900,225,0.000,225,0.000,226,0.000,539,0.4086,0,0,0
10:23:31.944350,30950,225,0.000,225,0.000,226,0.000,536,0.4049,0,0,0
10:23:31.992943,31000,225,0.000,225,0.000,226,0.000,531,0.3988,0,0,0
10:23:32.042913,31050,225,0.000,224,0.000,226,0.000,527,0.3939,0,0,0
10:23:32.096428,31100,224,0.000,224,0.000,226,0.000,521,0.3866,0,0,0
10:23:32.140919,31150,225,0.000,224,0.000,225,0.000,530,0.3976,0,0,0
10:23:32.193189,31200,225,0.000,224,0.000,226,0.000,528,0.3952,0,0,0
10:23:32.243320,31250,225,0.000,224,0.000,226,0.000,524,0.3903,0,0,0
10:23:32.300753,31300,225,0.000,224,0.000,226,0.000,521,0.3866,0,0,0
10:23:32.341565,31350,225,0.000,225,0.000,226,0.000,518,0.3829,0,0,0
10:23:32.394164,31400,224,0.000,225,0.000,226,0.000,515,0.3793,0,0,0
10:23:32.443099,31450,225,0.000,224,0.000,225,0.000,526,0.3927,0,0,0
10:23:32.493312,31500,224,0.000,224,0.000,225,0.000,524,0.3903,0,0,0
10:23:32.542053,31550,225,0.000,224,0.000,225,0.000,521,0.3866,0,0,0
10:23:32.591997,31600,225,0.000,224,0.000,226,0.000,516,0.3805,0,0,0
10:23:32.644090,31650,225,0.000,224,0.000,226,0.000,512,0.3756,0,0,0
10:23:32.693307,31700,225,0.000,224,0.000,225,0.000,506,0.3683,0,0,0
10:23:32.745238,31750,224,0.000,223,0.000,225,0.000,517,0.3817,0,0,0
10:23:32.792315,31800,225,0.000,224,0.000,225,0.000,513,0.3768,0,0,0
10:23:32.843356,31850,225,0.000,224,0.000,225,0.000,512,0.3756,0,0,0
10:23:32.894298,31900,225,0.000,224,0.000,225,0.000,509,0.3719,0,0,0
10:23:32.948588,31950,225,0.000,224,0.000,226,0.000,507,0.3695,0,0,0
10:23:32.992882,32000,224,0.000,224,0.000,225,0.000,521,0.3866,0,0,0
10:23:33.041888,32050,225,0.000,224,0.000,225,0.000,519,0.3842,0,0,0
10:23:33.095154,32100,224,0.000,224,0.000,225,0.000,515,0.3793,0,0,0
10:23:33.144290,32150,225,0.000,224,0.000,225,0.000,509,0.3719,0,0,0
10:23:33.193877,32200,225,0.000,224,0.000,226,0.000,496,0.3561,0,0,0
10:23:33.242884,32250,224,0.000,224,0.000,226,0.000,494,0.3536,0,0,0
10:23:33.294178,32300,224,0.000,224,0.000,225,0.000,507,0.3695,0,0,0
10:23:33.344410,32350,225,0.000,224,0.000,225,0.000,507,0.3695,0,0,0
10:23:33.399009,32400,225,0.000,224,0.000,225,0.000,505,0.3671,0,0,0
10:23:33.443293,32450,225,0.000,224,0.000,225,0.000,504,0.3658,0,0,0
10:23:33.494877,32500,225,0.000,224,0.000,225,0.000,501,0.3622,0,0,0
10:23:33.545853,32550,225,0.000,224,0.000,226,0.000,497,0.3573,0,0,0
10:23:33.601067,32600,224,0.000,223,0.000,225,0.000,512,0.3756,0,0,0
10:23:33.643401,32650,224,0.000,223,0.000,225,0.000,507,0.3695,0,0,0
10:23:33.693285,32700,225,0.000,224,0.000,225,0.000,501,0.3622,0,0,0
10:23:33.742287,32750,225,0.000,224,0.000,225,0.000,498,0.3585,0,0,0
10:23:33.795189,32800,225,0.000,224,0.000,225,0.000,494,0.3536,0,0,0
10:23:33.844854,32850,225,0.000,224,0.000,225,0.000,491,0.3500,0,0,0
10:23:33.893852,32900,224,0.000,224,0.000,225,0.000,502,0.3634,0,0,0
10:23:33.946104,32950,224,0.000,224,0.000,225,0.000,502,0.3634,0,0,0
10:23:33.992281,33000,224,0.000,224,0.000,225,0.000,500,0.3609,0,0,0
10:23:34.048226,33050,224,0.000,224,0.000,225,0.000,498,0.3585,0,0,0
10:23:34.094846,33100,224,0.000,224,0.000,225,0.000,494,0.3536,0,0,0
10:23:34.147028,33150,225,0.000,223,0.000,225,0.000,489,0.3475,0,0,0
10:23:34.193026,33200,224,0.000,224,0.000,225,0.000,501,0.3622,0,0,0
10:23:34.242274,33250,224,0.000,224,0.000,226,0.000,500,0.3609,0,0,0
10:23:34.295081,33300,224,0.000,223,0.000,225,0.000,495,0.3548,0,0,0
10:23:34.344256,33350,224,0.000,223,0.000,225,0.000,492,0.3512,0,0,0
10:23:34.393847,33400,224,0.000,224,0.000,225,0.000,488,0.3463,0,0,0
10:23:34.446826,33451,224,0.000,224,0.000,225,0.000,485,0.3426,0,0,0
10:23:34.496195,33500,225,0.000,224,0.000,225,0.000,496,0.3561,0,0,0
10:23:34.545248,33550,225,0.000,224,0.000,225,0.000,495,0.3548,0,0,0
10:23:34.600611,33600,225,0.000,224,0.000,225,0.000,492,0.3512,0,0,0
10:23:34.643834,33650,225,0.000,224,0.000,225,0.000,489,0.3475,0,0,0
10:23:34.696845,33700,224,0.000,224,0.000,226,0.000,485,0.3426,0,0,0
10:23:34.744918,33750,225,0.000,224,0.000,225,0.000,495,0.3548,0,0,0
10:23:34.801715,33800,225,0.000,224,0.000,225,0.000,495,0.3548,0,0,0
10:23:34.843995,33850,225,0.000,224,0.000,225,0.000,494,0.3536,0,0,0
10:23:34.893271,33900,225,0.000,224,0.000,225,0.000,490,0.3487,0,0,0
10:23:34.946229,33950,225,0.000,224,0.000,225,0.000,488,0.3463,0,0,0
10:23:34.994916,34000,225,0.000,225,0.000,225,0.000,483,0.3402,0,0,0
10:23:35.044089,34050,224,0.000,224,0.000,225,0.000,494,0.3536,0,0,0
10:23:35.093822,34100,224,0.000,224,0.000,224,0.000,494,0.3536,0,0,0
10:23:35.149353,34150,225,0.000,224,0.000,225,0.000,493,0.3524,0,0,0
10:23:35.195795,34200,225,0.000,224,0.000,225,0.000,490,0.3487,0,0,0
10:23:35.246003,34250,226,0.000,224,0.000,225,0.000,487,0.3451,0,0,0
10:23:35.294817,34300,225,0.000,225,0.000,225,0.000,483,0.3402,0,0,0
10:23:35.349347,34350,224,0.000,223,0.000,225,0.000,493,0.3524,0,0,0
10:23:35.393239,34400,224,0.000,224,0.000,225,0.000,493,0.3524,0,0,0
10:23:35.450601,34450,224,0.000,223,0.000,224,0.000,492,0.3512,0,0,0
10:23:35.494990,34500,224,0.000,224,0.000,225,0.000,490,0.3487,0,0,0
10:23:35.544155,34550,224,0.000,224,0.000,225,0.000,487,0.3451,0,0,0
10:23:35.593820,34600,225,0.000,224,0.000,225,0.000,483,0.3402,0,0,0
10:23:35.643087,34650,224,0.000,224,0.000,225,0.000,492,0.3512,0,0,0
10:23:35.696962,34700,224,0.000,224,0.000,225,0.000,492,0.3512,0,0,0
10:23:35.744720,34750,224,0.000,224,0.000,225,0.000,491,0.3500,0,0,0
10:23:35.801739,34800,224,0.000,224,0.000,225,0.000,489,0.3475,0,0,0
10:23:35.844227,34850,225,0.000,224,0.000,225,0.000,486,0.3438,0,0,0
10:23:35.896774,34900,225,0.000,224,0.000,225,0.000,483,0.3402,0,0,0
10:23:35.945415,34950,224,0.000,224,0.000,225,0.000,491,0.3500,0,0,0
10:23:36.003878,35000,224,0.000,224,0.000,225,0.000,491,0.3500,0,0,0
10:23:36.044601,35050,224,0.000,224,0.000,225,0.000,490,0.3487,0,0,0
10:23:36.096773,35100,225,0.000,223,0.000,225,0.000,488,0.3463,0,0,0
10:23:36.146782,35150,225,0.000,224,0.000,225,0.000,486,0.3438,0,0,0
10:23:36.195847,35200,224,0.000,224,0.000,226,0.000,491,0.3500,0,0,0
10:23:36.244749,35250,225,0.000,224,0.000,225,0.000,492,0.3512,0,0,0
10:23:36.294223,35300,224,0.000,223,0.000,225,0.000,492,0.3512,0,0,0
10:23:36.348507,35350,225,0.000,224,0.000,225,0.000,491,0.3500,0,0,0
10:23:36.396208,35400,225,0.000,224,0.000,225,0.000,489,0.3475,0,0,0
10:23:36.445811,35450,224,0.000,224,0.000,225,0.000,486,0.3438,0,0,0
10:23:36.494864,35500,224,0.000,224,0.000,226,0.000,491,0.3500,0,0,0
10:23:36.549898,35550,224,0.000,223,0.000,225,0.000,492,0.3512,0,0,0
10:23:36.597200,35600,224,0.000,223,0.000,225,0.000,491,0.3500,0,0,0
10:23:36.649147,35650,224,0.000,223,0.000,224,0.000,491,0.3500,0,0,0
10:23:36.695695,35700,224,0.000,224,0.000,225,0.000,489,0.3475,0,0,0
10:23:36.745176,35750,224,0.000,223,0.000,225,0.000,487,0.3451,0,0,0
10:23:36.793750,35800,225,0.000,224,0.000,225,0.000,490,0.3487,0,0,0
10:23:36.845941,35850,224,0.000,224,0.000,226,0.000,491,0.3500,0,0,0
10:23:36.896095,35900,224,0.000,224,0.000,225,0.000,491,0.3500,0,0,0
10:23:36.945192,35950,224,0.000,223,0.000,225,0.000,491,0.3500,0,0,0
10:23:36.999612,36000,224,0.000,223,0.000,225,0.000,490,0.3487,0,0,0
10:23:37.047631,36050,224,0.000,223,0.000,224,0.000,488,0.3463,0,0,0
10:23:37.097111,36100,225,0.000,225,0.000,226,0.000,490,0.3487,0,0,0
10:23:37.145112,36150,224,0.000,224,0.000,226,0.000,490,0.3487,0,0,0
10:23:37.202943,36200,224,0.000,224,0.000,226,0.000,491,0.3500,0,0,0
10:23:37.244792,36250,224,0.000,224,0.000,225,0.000,490,0.3487,0,0,0
10:23:37.303981,36300,224,0.000,223,0.000,225,0.000,488,0.3463,0,0,0
10:23:37.347033,36350,224,0.000,223,0.000,225,0.000,487,0.3451,0,0,0
10:23:37.395296,36400,225,0.000,225,0.000,226,0.000,489,0.3475,0,0,0
10:23:37.445145,36450,225,0.000,225,0.000,226,0.000,490,0.3487,0,0,0
10:23:37.497841,36500,225,0.000,224,0.000,226,0.000,490,0.3487,0,0,0
10:23:37.546853,36550,225,0.000,224,0.000,225,0.000,489,0.3475,0,0,0
10:23:37.597126,36600,225,0.000,224,0.000,225,0.000,488,0.3463,0,0,0
10:23:37.645812,36651,224,0.000,224,0.000,226,0.000,486,0.3438,0,0,0
10:23:37.694008,36700,225,0.000,224,0.000,225,0.000,488,0.3463,0,0,0
10:23:37.746700,36750,225,0.000,225,0.000,225,0.000,489,0.3475,0,0,0
10:23:37.797186,36800,225,0.000,224,0.000,225,0.000,489,0.3475,0,0,0
10:23:37.846189,36850,225,0.000,224,0.000,225,0.000,489,0.3475,0,0,0
10:23:37.895765,36900,225,0.000,224,0.000,225,0.000,488,0.3463,0,0,0
10:23:37.946627,36950,225,0.000,224,0.000,225,0.000,486,0.3438,0,0,0
10:23:37.997051,37000,225,0.000,224,0.000,225,0.000,488,0.3463,0,0,0
10:23:38.046974,37050,224,0.000,224,0.000,225,0.000,489,0.3475,0,0,0
10:23:38.096190,37100,224,0.000,224,0.000,225,0.000,490,0.3487,0,0,0
10:23:38.151271,37150,224,0.000,224,0.000,225,0.000,489,0.3475,0,0,0
10:23:38.198456,37200,224,0.000,224,0.000,225,0.000,488,0.3463,0,0,0
10:23:38.247775,37250,224,0.000,224,0.000,225,0.000,485,0.3426,0,0,0
10:23:38.296764,37300,234,0.000,242,0.000,247,0.000,441,0.2889,140,140,140
10:23:38.354955,37350,265,0.000,265,0.000,272,0.000,420,0.2632,140,140,140
10:23:38.398862,37400,274,0.000,274,0.000,275,0.000,429,0.2742,141,141,141
10:23:38.454586,37450,261,0.000,263,0.000,265,0.000,448,0.2974,141,141,141
10:23:38.497003,37500,266,0.000,275,0.000,279,0.000,426,0.2705,142,142,142
10:23:38.546587,37550,266,0.000,271,0.000,277,0.000,427,0.2717,142,142,142
10:23:38.596185,37600,280,0.000,279,0.000,271,0.000,458,0.3096,143,143,143
10:23:38.649164,37650,266,0.000,262,0.000,268,0.000,457,0.3084,143,143,143
10:23:38.698737,37700,276,0.000,276,0.000,278,0.000,444,0.2925,144,144,144
10:23:38.747739,37750,264,0.000,265,0.000,268,0.000,470,0.3243,144,144,144
10:23:38.803881,37800,267,0.000,272,0.000,280,0.000,455,0.3060,145,145,145
10:23:38.845783,37850,267,0.000,267,0.000,278,0.000,455,0.3060,145,145,145
10:23:38.898894,37900,277,0.000,277,0.000,282,0.000,463,0.3157,146,146,146
10:23:38.948005,37950,267,0.000,266,0.000,269,0.000,479,0.3353,146,146,146
10:23:39.002220,38000,273,0.000,281,0.000,285,0.000,464,0.3170,147,147,147
10:23:39.046764,38050,272,0.000,263,0.000,274,0.000,480,0.3365,147,147,147
10:23:39.099735,38100,269,0.000,268,0.000,275,0.000,458,0.3096,148,148,148
10:23:39.148184,38150,272,0.000,271,0.000,272,0.000,469,0.3231,148,148,148
10:23:39.197631,38200,281,0.000,282,0.000,286,0.000,466,0.3194,149,149,149
10:23:39.247101,38250,267,0.000,267,0.000,275,0.000,483,0.3402,149,149,149
10:23:39.296949,38300,274,0.000,279,0.000,283,0.000,472,0.3267,150,150,150
10:23:39.353284,38350,284,0.000,272,0.000,272,0.000,496,0.3561,150,150,150
10:23:39.398425,38400,279,0.000,283,0.000,283,0.000,481,0.3377,151,151,151
10:23:39.447557,38450,270,0.000,269,0.000,275,0.000,488,0.3463,151,151,151
10:23:39.497157,38500,280,0.000,284,0.000,292,0.000,483,0.3402,152,152,152
10:23:39.553320,38550,277,0.000,273,0.000,281,0.000,502,0.3634,152,152,152
10:23:39.599156,38600,293,0.000,270,0.000,289,0.000,478,0.3341,153,153,153
10:23:39.655745,38650,327,0.000,276,0.000,281,0.000,496,0.3561,153,153,153
10:23:39.697940,38700,343,0.175,286,0.000,297,0.000,482,0.3390,154,154,154
10:23:39.746748,38750,344,0.322,275,0.000,287,0.000,492,0.3512,154,154,154
10:23:39.799387,38800,358,0.475,286,0.000,299,0.000,479,0.3353,155,155,155
10:23:39.848854,38850,370,0.626,273,0.000,282,0.000,496,0.3561,155,155,155
10:23:39.900936,38900,372,0.743,276,0.000,294,0.016,485,0.3426,156,156,156
10:23:39.947686,38950,393,0.898,286,0.000,299,0.054,501,0.3622,156,156,156
10:23:40.002724,39000,401,1.037,285,0.000,315,0.136,477,0.3328,157,157,157
10:23:40.048924,39050,397,1.124,286,0.000,315,0.195,504,0.3658,157,157,157
10:23:40.101626,39100,409,1.228,302,0.000,345,0.339,492,0.3512,158,158,158
10:23:40.148471,39150,433,1.384,319,0.082,348,0.454,516,0.3805,158,158,158
10:23:40.205805,39200,424,1.466,327,0.197,369,0.608,529,0.3964,159,159,159
10:23:40.250015,39250,446,1.601,351,0.361,385,0.773,517,0.3817,159,159,159
10:23:40.299192,39300,453,1.721,367,0.534,399,0.940,506,0.3683,160,160,160
10:23:40.348725,39350,463,1.842,369,0.666,402,1.071,529,0.3964,160,160,160
10:23:40.398388,39400,471,1.957,380,0.798,424,1.240,512,0.3756,161,161,161
10:23:40.446720,39450,496,2.124,405,0.979,429,1.380,534,0.4025,161,161,161
10:23:40.500677,39500,493,2.235,411,1.130,446,1.538,552,0.4245,162,162,161
10:23:40.553472,39550,522,2.414,439,1.333,474,1.747,540,0.4098,162,162,161
10:23:40.598153,39600,523,2.546,439,1.481,476,1.905,527,0.3939,163,163,161
10:23:40.647894,39650,547,2.723,447,1.614,470,1.999,551,0.4233,163,163,161
10:23:40.701127,39700,550,2.861,460,1.755,483,2.111,554,0.4269,164,164,161
10:23:40.753265,39750,571,3.032,493,1.968,495,2.232,579,0.4575,164,164,161
10:23:40.799687,39800,576,3.172,490,2.112,487,2.293,591,0.4721,165,165,161
10:23:40.857875,39851,591,3.325,518,2.311,503,2.391,572,0.4489,165,165,161
10:23:40.897727,39900,598,3.459,514,2.441,504,2.465,565,0.4404,166,166,161
10:23:40.949853,39950,622,3.637,531,2.593,499,2.502,586,0.4660,166,166,161
10:23:41.000131,40000,624,3.772,547,2.757,502,2.538,603,0.4868,166,167,161
10:23:41.048816,40050,645,3.941,571,2.957,515,2.609,592,0.4734,166,167,161
10:23:41.098578,40100,632,4.019,569,3.094,503,2.619,609,0.4941,166,168,161
10:23:41.147933,40150,642,4.109,581,3.235,505,2.634,601,0.4844,166,168,161
10:23:41.204589,40200,636,4.154,595,3.383,507,2.651,595,0.4770,166,168,161
10:23:41.249724,40250,652,4.241,619,3.572,506,2.660,623,0.5112,166,168,161
10:23:41.300027,40300,640,4.263,614,3.691,506,2.666,636,0.5271,166,168,161
10:23:41.348722,40350,642,4.286,629,3.829,513,2.694,611,0.4966,166,168,161
10:23:41.406671,40400,636,4.282,618,3.890,505,2.688,633,0.5235,166,168,161
10:23:41.450696,40450,645,4.309,622,3.949,506,2.686,625,0.5137,166,168,161
10:23:41.505850,40500,625,4.261,624,3.997,508,2.692,624,0.5125,166,168,161
10:23:41.548664,40550,641,4.281,635,4.070,517,2.727,624,0.5125,166,168,161
10:23:41.598123,40600,623,4.234,618,4.065,505,2.711,641,0.5332,166,168,161
10:23:41.651115,40650,624,4.204,629,4.098,520,2.751,621,0.5088,166,168,161
10:23:41.700598,40700,630,4.202,621,4.096,507,2.735,645,0.5381,166,168,161
10:23:41.751433,40750,634,4.215,625,4.107,503,2.711,632,0.5222,166,168,161
10:23:41.798879,40800,619,4.173,615,4.081,503,2.693,644,0.5369,166,168,161
10:23:41.853691,40850,625,4.163,628,4.107,519,2.734,636,0.5271,166,168,161
10:23:41.901113,40900,614,4.118,608,4.058,507,2.723,649,0.5430,166,168,161
10:23:41.952803,40950,616,4.093,613,4.039,516,2.746,637,0.5283,166,168,161
10:23:42.000087,41000,627,4.112,618,4.042,502,2.715,661,0.5577,166,168,161
10:23:42.055940,41050,623,4.112,619,4.048,512,2.726,646,0.5393,166,168,161
10:23:42.098131,41100,607,4.058,606,4.008,501,2.697,663,0.5601,166,168,161
10:23:42.150638,41150,611,4.032,618,4.020,518,2.734,646,0.5393,166,168,161
10:23:42.199701,41200,616,4.031,604,3.981,503,2.710,672,0.5711,166,168,161
10:23:42.249457,41250,604,3.989,600,3.940,507,2.706,648,0.5418,166,168,161
10:23:42.302467,41300,619,4.010,613,3.954,504,2.692,677,0.5772,166,168,161
10:23:42.351680,41350,618,4.021,613,3.964,517,2.727,658,0.5540,166,168,161
10:23:42.403505,41400,604,3.982,600,3.927,503,2.705,676,0.5760,166,168,161
10:23:42.450109,41450,604,3.954,602,3.907,512,2.719,654,0.5491,166,168,161
10:23:42.499507,41500,615,3.971,599,3.883,498,2.682,673,0.5723,166,168,161
10:23:42.552707,41550,601,3.935,597,3.858,502,2.668,678,0.5784,166,168,161
10:23:42.604901,41600,600,3.907,596,3.837,502,2.659,672,0.5711,166,168,161
10:23:42.650744,41650,611,3.923,607,3.859,511,2.682,657,0.5528,166,168,161
10:23:42.707861,41700,601,3.901,589,3.814,496,2.649,680,0.5809,166,168,161
10:23:42.749053,41750,600,3.882,594,3.799,507,2.662,661,0.5577,166,168,161
10:23:42.801701,41800,611,3.905,605,3.825,499,2.644,686,0.5882,166,168,161
10:23:42.851711,41850,602,3.891,592,3.799,496,2.621,696,0.6004,166,168,161
10:23:42.900018,41900,601,3.878,591,3.778,495,2.601,681,0.5821,166,168,161
10:23:42.950112,41950,597,3.855,599,3.789,511,2.640,659,0.5552,166,168,161
10:23:42.999114,42000,609,3.879,588,3.760,497,2.622,681,0.5821,166,168,161
10:23:43.053704,42050,601,3.869,592,3.753,499,2.615,680,0.5809,166,168,161
10:23:43.101121,42100,612,3.899,604,3.788,505,2.630,693,0.5968,166,168,161
10:23:43.152441,42150,594,3.860,588,3.760,496,2.611,694,0.5980,166,168,161
10:23:43.199643,42200,593,3.828,587,3.735,496,2.597,673,0.5723,166,168,161
10:23:43.255017,42250,593,3.806,591,3.731,510,2.634,660,0.5565,166,168,161
10:23:43.301221,42300,611,3.850,596,3.746,496,2.614,691,0.5943,166,168,161
10:23:43.356598,42350,596,3.831,584,3.715,496,2.599,691,0.5943,166,168,161
10:23:43.400930,42400,610,3.865,601,3.751,508,2.629,686,0.5882,166,168,161
10:23:43.449584,42450,592,3.829,588,3.732,498,2.617,706,0.6127,166,168,161
10:23:43.498310,42500,597,3.819,588,3.719,497,2.605,680,0.5809,166,168,161
10:23:43.551662,42550,597,3.812,587,3.706,499,2.603,664,0.5613,166,168,161
10:23:43.603537,42600,610,3.852,600,3.741,499,2.601,694,0.5980,166,168,161
10:23:43.649749,42650,595,3.829,584,3.712,497,2.593,700,0.6053,166,168,161
10:23:43.705565,42700,599,3.826,602,3.752,509,2.628,686,0.5882,166,168,161
10:23:43.752659,42750,598,3.821,586,3.726,492,2.596,708,0.6151,166,168,161
10:23:43.804532,42800,609,3.854,590,3.722,490,2.566,682,0.5833,166,168,161
10:23:43.850126,42850,594,3.828,588,3.711,492,2.551,677,0.5772,166,168,161
10:23:43.906532,42900,607,3.852,594,3.724,508,2.594,685,0.5870,166,168,161
10:23:43.953074,42950,598,3.840,588,3.713,494,2.578,705,0.6114,166,168,161
10:23:44.002664,43000,599,3.834,594,3.726,507,2.611,685,0.5870,166,168,161
10:23:44.051669,43051,608,3.860,583,3.697,490,2.576,704,0.6102,166,168,161
10:23:44.099945,43100,612,3.893,595,3.718,490,2.552,676,0.5760,166,168,161
10:23:44.151229,43150,601,3.879,586,3.702,498,2.561,690,0.5931,166,168,161
10:23:44.202494,43200,607,3.890,596,3.724,510,2.608,681,0.5821,166,168,161
10:23:44.256493,43250,595,3.857,580,3.686,496,2.595,700,0.6053,166,168,161
10:23:44.301666,43300,597,3.839,579,3.655,506,2.619,685,0.5870,166,168,161
10:23:44.352894,43350,598,3.830,584,3.650,501,2.620,661,0.5577,166,168,161
10:23:44.399799,43400,610,3.865,595,3.683,506,2.637,687,0.5894,166,168,161
10:23:44.460758,43450,595,3.838,578,3.650,498,2.623,693,0.5968,166,168,161
10:23:44.501755,43500,597,3.826,593,3.676,510,2.653,675,0.5748,166,168,161
10:23:44.551351,43550,598,3.821,583,3.662,499,2.638,700,0.6053,166,168,161
10:23:44.600876,43600,592,3.797,581,3.644,501,2.633,690,0.5931,166,168,161
10:23:44.649393,43650,594,3.786,584,3.642,496,2.613,679,0.5797,166,168,161
10:23:44.702643,43700,605,3.816,599,3.691,511,2.649,680,0.5809,166,168,161
10:23:44.751674,43750,589,3.783,586,3.683,499,2.635,695,0.5992,166,168,161
10:23:44.805094,43800,590,3.762,590,3.690,510,2.662,681,0.5821,166,168,161
10:23:44.850667,43850,605,3.798,588,3.689,492,2.620,708,0.6151,166,168,161
10:23:44.903708,43900,594,3.787,589,3.691,495,2.600,712,0.6200,166,168,161
10:23:44.952069,43950,588,3.759,587,3.686,495,2.586,682,0.5833,166,168,161
10:23:45.002505,44000,598,3.772,600,3.726,508,2.620,670,0.5687,166,168,161
10:23:45.051068,44050,594,3.768,588,3.715,493,2.593,699,0.6041,166,168,161
10:23:45.110791,44100,596,3.772,591,3.717,502,2.604,680,0.5809,166,168,161
10:23:45.152860,44150,607,3.812,597,3.738,492,2.579,700,0.6053,166,168,161
10:23:45.202662,44200,593,3.794,584,3.710,493,2.563,708,0.6151,166,168,161
10:23:45.251045,44250,592,3.777,587,3.699,496,2.563,683,0.5846,166,168,161
10:23:45.300453,44300,599,3.789,594,3.716,508,2.603,669,0.5674,166,168,161
10:23:45.353488,44350,606,3.821,581,3.683,492,2.578,686,0.5882,166,168,161
10:23:45.403057,44400,599,3.820,581,3.660,494,2.566,690,0.5931,166,168,161
10:23:45.453884,44450,605,3.840,595,3.691,501,2.581,704,0.6102,166,168,161
10:23:45.501457,44500,596,3.824,582,3.669,496,2.576,714,0.6224,166,168,161
10:23:45.550589,44550,598,3.820,578,3.639,493,2.561,683,0.5846,166,168,161
10:23:45.602854,44600,600,3.823,583,3.635,505,2.592,669,0.5674,166,168,161
10:23:45.657369,44650,607,3.849,582,3.628,498,2.590,688,0.5907,166,168,161
10:23:45.701661,44700,592,3.817,581,3.620,499,2.592,698,0.6029,166,168,161
10:23:45.751650,44750,607,3.845,596,3.665,510,2.631,695,0.5992,166,168,161
10:23:45.799924,44800,595,3.824,597,3.701,509,2.655,648,0.5418,166,168,161
10:23:45.853624,44850,594,3.806,582,3.676,491,2.612,667,0.5650,166,168,161
10:23:45.902541,44900,587,3.769,585,3.668,499,2.608,661,0.5577,166,168,161
10:23:45.952061,44950,604,3.800,601,3.717,498,2.602,691,0.5943,166,168,161
10:23:46.004069,45000,590,3.775,588,3.708,497,2.594,702,0.6078,166,168,161
10:23:46.054620,45050,596,3.777,599,3.739,503,2.608,678,0.5784,166,168,161
10:23:46.107207,45100,589,3.755,589,3.727,502,2.615,642,0.5345,166,168,161
10:23:46.152061,45150,604,3.789,587,3.712,495,2.597,670,0.5687,166,168,161
10:23:46.203895,45200,587,3.757,588,3.705,497,2.590,670,0.5687,166,168,161
10:23:46.251371,45250,606,3.798,598,3.733,505,2.612,671,0.5699,166,168,161
10:23:46.309998,45300,592,3.780,581,3.696,493,2.588,691,0.5943,166,168,161
10:23:46.353035,45350,595,3.777,593,3.710,508,2.621,672,0.5711,166,168,161
10:23:46.401960,45400,595,3.775,579,3.672,503,2.628,635,0.5259,166,168,161
10:23:46.451461,45450,610,3.825,590,3.683,491,2.592,661,0.5577,166,168,161
10:23:46.501527,45500,597,3.817,581,3.659,490,2.563,674,0.5736,166,168,161
10:23:46.553674,45550,605,3.838,594,3.687,507,2.600,667,0.5650,166,168,161
10:23:46.603040,45600,595,3.819,575,3.642,495,2.586,681,0.5821,166,168,161
10:23:46.655626,45650,600,3.822,583,3.637,504,2.606,671,0.5699,166,168,161
10:23:46.701526,45700,600,3.825,583,3.633,493,2.583,644,0.5369,166,168,161
10:23:46.755619,45750,609,3.857,593,3.665,500,2.590,657,0.5528,166,168,161
10:23:46.804035,45800,593,3.826,580,3.643,488,2.555,668,0.5662,166,168,161
10:23:46.857545,45850,597,3.818,597,3.685,506,2.590,657,0.5528,166,168,161
10:23:46.902724,45900,599,3.818,583,3.668,490,2.562,687,0.5894,166,168,161
10:23:46.956523,45950,589,3.784,584,3.659,495,2.558,671,0.5699,166,168,161
10:23:47.004609,46000,588,3.757,583,3.649,492,2.545,654,0.5491,166,168,161
10:23:47.053634,46050,604,3.791,599,3.696,507,2.587,657,0.5528,166,168,161
10:23:47.103041,46100,589,3.765,586,3.686,494,2.573,676,0.5760,166,168,161
10:23:47.151584,46150,591,3.753,589,3.689,505,2.600,654,0.5491,166,168,161
10:23:47.205023,46200,602,3.781,587,3.685,492,2.575,677,0.5772,166,168,161
10:23:47.254611,46251,588,3.755,585,3.675,497,2.575,682,0.5833,166,168,161
10:23:47.307705,46300,588,3.735,583,3.660,497,2.574,658,0.5540,166,168,161
10:23:47.352616,46350,599,3.759,594,3.688,507,2.608,644,0.5369,166,168,161
10:23:47.403557,46400,591,3.748,577,3.649,493,2.584,667,0.5650,166,168,161
10:23:47.455044,46450,590,3.737,580,3.632,504,2.605,649,0.5430,166,168,161
10:23:47.507556,46500,603,3.774,592,3.660,496,2.593,678,0.5784,166,168,161
10:23:47.553302,46550,605,3.807,592,3.681,503,2.608,633,0.5235,166,168,161
10:23:47.602634,46600,593,3.790,579,3.651,492,2.581,649,0.5430,166,168,161
10:23:47.652472,46650,589,3.764,588,3.661,508,2.616,628,0.5174,166,168,161
10:23:47.704492,46700,601,3.786,578,3.633,495,2.597,652,0.5467,166,168,161
10:23:47.754020,46750,591,3.768,583,3.631,496,2.587,652,0.5467,166,168,161
10:23:47.803611,46800,603,3.796,596,3.673,503,2.603,671,0.5699,166,168,161
10:23:47.855118,46850,599,3.802,594,3.696,501,2.609,617,0.5039,166,168,161
10:23:47.901474,46900,584,3.756,581,3.669,493,2.585,634,0.5247,166,168,161
10:23:47.956709,46950,585,3.726,586,3.667,508,2.619,623,0.5112,166,168,161
10:23:48.004017,47000,603,3.766,590,3.679,494,2.596,654,0.5491,166,168,161
10:23:48.059310,47050,589,3.747,580,3.653,494,2.579,655,0.5503,166,168,161
10:23:48.106370,47100,603,3.780,595,3.686,506,2.608,655,0.5503,166,168,161
10:23:48.159013,47150,595,3.777,596,3.713,508,2.636,606,0.4905,166,168,161
10:23:48.204586,47200,594,3.772,585,3.695,496,2.615,634,0.5247,166,168,161
10:23:48.254023,47250,594,3.768,581,3.668,497,2.603,621,0.5088,166,168,161
10:23:48.303186,47300,608,3.813,598,3.707,500,2.605,647,0.5406,166,168,161
10:23:48.356001,47350,591,3.787,579,3.670,497,2.596,652,0.5467,166,168,161
10:23:48.406277,47400,596,3.786,598,3.708,509,2.630,642,0.5345,166,168,161
10:23:48.454591,47450,594,3.778,590,3.708,507,2.648,608,0.4929,166,168,161
10:23:48.507666,47500,608,3.820,584,3.688,491,2.607,633,0.5235,166,168,161
10:23:48.553019,47550,591,3.793,581,3.664,492,2.581,629,0.5186,166,168,161
10:23:48.605590,47600,606,3.824,589,3.673,510,2.622,648,0.5418,166,168,161
10:23:48.654478,47650,595,3.809,581,3.652,496,2.605,666,0.5638,166,168,161
10:23:48.712517,47700,597,3.805,589,3.665,509,2.637,647,0.5406,166,168,161
10:23:48.753404,47750,594,3.792,576,3.630,504,2.643,608,0.4929,166,168,161
10:23:48.802588,47800,608,3.830,589,3.648,489,2.596,633,0.5235,166,168,161
10:23:48.855996,47850,598,3.824,581,3.635,496,2.586,651,0.5455,166,168,161
10:23:48.905101,47900,605,3.843,593,3.666,509,2.623,638,0.5296,166,168,161
10:23:48.954590,47950,594,3.819,579,3.640,495,2.603,658,0.5540,166,168,161
10:23:49.003591,48000,602,3.829,576,3.612,494,2.584,617,0.5039,166,168,161
10:23:49.057619,48050,595,3.813,583,3.615,499,2.588,615,0.5015,166,168,161
10:23:49.105029,48100,607,3.842,594,3.655,503,2.604,641,0.5332,166,168,161
10:23:49.158252,48150,596,3.825,578,3.629,495,2.589,647,0.5406,166,168,161
10:23:49.204009,48200,596,3.813,592,3.658,507,2.618,629,0.5186,166,168,161
10:23:49.257335,48250,601,3.822,584,3.652,497,2.606,656,0.5516,166,168,161
10:23:49.302415,48300,605,3.841,589,3.664,497,2.596,619,0.5064,166,168,161
10:23:49.359758,48350,597,3.828,583,3.653,495,2.583,625,0.5137,166,168,161
10:23:49.404577,48400,608,3.856,595,3.686,509,2.621,625,0.5137,166,168,161
10:23:49.454005,48450,592,3.822,581,3.662,497,2.608,642,0.5345,166,168,161
10:23:49.506981,48500,593,3.801,584,3.655,510,2.642,630,0.5198,166,168,161
10:23:49.556610,48550,608,3.837,583,3.646,492,2.606,658,0.5540,166,168,161
10:23:49.605492,48600,608,3.862,596,3.684,498,2.600,623,0.5112,166,168,161
10:23:49.654575,48650,590,3.820,581,3.660,491,2.572,624,0.5125,166,168,161
10:23:49.709486,48700,596,3.809,594,3.687,509,2.613,612,0.4978,166,168,161
10:23:49.756978,48750,591,3.785,583,3.670,495,2.595,641,0.5332,166,168,161
10:23:49.805499,48800,591,3.767,586,3.667,503,2.609,624,0.5125,166,168,161
10:23:49.855677,48850,600,3.785,593,3.689,493,2.586,644,0.5369,166,168,161
10:23:49.911622,48900,600,3.798,596,3.715,506,2.613,602,0.4856,166,168,161
10:23:49.953579,48950,580,3.739,585,3.696,496,2.598,617,0.5039,166,168,161
10:23:50.006556,49000,586,3.717,592,3.707,509,2.632,604,0.4880,166,168,161
10:23:50.055982,49050,593,3.725,580,3.673,493,2.602,627,0.5161,166,168,161
10:23:50.104487,49100,586,3.707,581,3.653,494,2.584,627,0.5161,166,168,161
10:23:50.154709,49150,593,3.718,598,3.696,502,2.598,645,0.5381,166,168,161
10:23:50.203234,49200,594,3.729,597,3.723,509,2.631,596,0.4783,166,168,161
10:23:50.262950,49250,586,3.710,580,3.685,492,2.598,619,0.5064,166,168,161
10:23:50.305028,49300,588,3.703,584,3.672,504,2.615,606,0.4905,166,168,161
10:23:50.356586,49350,598,3.732,584,3.662,495,2.596,625,0.5137,166,168,161
10:23:50.404443,49400,585,3.709,582,3.648,496,2.586,636,0.5271,166,168,161
10:23:50.461612,49451,600,3.743,596,3.685,507,2.617,634,0.5247,166,168,161
10:23:50.506548,49500,589,3.730,596,3.712,507,2.638,592,0.4734,166,168,161
10:23:50.555557,49550,589,3.721,579,3.674,489,2.593,610,0.4954,166,168,161
10:23:50.604491,49600,584,3.697,581,3.653,497,2.587,604,0.4880,166,168,161
10:23:50.653987,49650,601,3.738,594,3.682,495,2.577,634,0.5247,166,168,161
10:23:50.706571,49700,590,3.730,581,3.659,495,2.569,647,0.5406,166,168,161
10:23:50.756405,49750,587,3.714,576,3.626,494,2.560,607,0.4917,166,168,161
10:23:50.806298,49800,593,3.723,581,3.618,503,2.584,595,0.4770,166,168,161
10:23:50.854203,49850,606,3.773,577,3.599,495,2.574,621,0.5088,166,168,161
10:23:50.911885,49900,589,3.752,578,3.589,498,2.577,619,0.5064,166,168,161
10:23:50.956965,49950,608,3.801,587,3.612,506,2.606,620,0.5076,166,168,161
10:23:51.007563,50000,594,3.789,571,3.575,494,2.587,639,0.5308,166,168,161
10:23:51.055008,50050,594,3.781,575,3.561,497,2.583,602,0.4856,166,168,161
10:23:51.114102,50100,595,3.778,570,3.534,504,2.604,585,0.4648,166,168,161
10:23:51.156603,50150,609,3.823,581,3.552,494,2.585,611,0.4966,166,168,161
10:23:51.206429,50200,595,3.808,573,3.538,492,2.565,622,0.5100,166,168,161
10:23:51.255973,50250,602,3.822,588,3.579,509,2.608,614,0.5002,166,168,161
10:23:51.304964,50300,589,3.787,570,3.547,496,2.595,627,0.5161,166,168,161
10:23:51.354452,50350,598,3.793,575,3.541,491,2.568,599,0.4819,166,168,161
10:23:51.407547,50400,591,3.773,578,3.547,494,2.559,593,0.4746,166,168,161
10:23:51.458196,50450,599,3.786,585,3.575,501,2.577,606,0.4905,166,168,161
10:23:51.506471,50500,584,3.744,577,3.568,489,2.548,616,0.5027,166,168,161
10:23:51.562238,50550,589,3.731,593,3.618,507,2.589,603,0.4868,166,168,161
10:23:51.608061,50600,593,3.735,581,3.612,492,2.568,633,0.5235,166,168,161
10:23:51.663536,50650,596,3.748,585,3.622,489,2.542,590,0.4709,166,168,161
10:23:51.706553,50700,583,3.714,579,3.609,495,2.544,600,0.4831,166,168,161
10:23:51.755964,50750,600,3.746,594,3.650,509,2.593,600,0.4831,166,168,161
10:23:51.804499,50800,589,3.733,583,3.643,497,2.587,617,0.5039,166,168,161
10:23:51.857868,50850,590,3.726,584,3.641,507,2.617,594,0.4758,166,168,161
10:23:51.907535,50900,604,3.769,584,3.640,495,2.598,613,0.4990,166,168,161
10:23:51.956548,50950,597,3.776,593,3.669,499,2.598,584,0.4636,166,168,161
10:23:52.007282,51000,590,3.758,581,3.650,500,2.601,594,0.4758,166,168,161
10:23:52.054432,51050,598,3.771,591,3.670,509,2.634,580,0.4587,166,168,161
10:23:52.109946,51100,591,3.757,574,3.626,495,2.610,608,0.4929,166,168,161
10:23:52.156604,51150,589,3.741,574,3.595,505,2.627,594,0.4758,166,168,161
10:23:52.207433,51200,589,3.729,579,3.589,500,2.622,579,0.4575,166,168,161
10:23:52.255492,51250,604,3.771,594,3.636,505,2.636,588,0.4685,166,168,161
10:23:52.314671,51300,589,3.750,578,3.616,494,2.608,605,0.4892,166,168,161
10:23:52.357941,51350,586,3.725,587,3.632,511,2.646,587,0.4673,166,168,161
10:23:52.406945,51400,598,3.748,575,3.602,497,2.625,613,0.4990,166,168,161
10:23:52.456257,51450,590,3.737,581,3.601,498,2.614,611,0.4966,166,168,161
10:23:52.505536,51500,589,3.726,580,3.597,498,2.606,600,0.4831,166,168,161
10:23:52.558375,51550,601,3.759,591,3.632,504,2.621,577,0.4550,166,168,161
10:23:52.607515,51600,583,3.721,576,3.606,495,2.601,590,0.4709,166,168,161
10:23:52.662498,51650,584,3.698,582,3.607,511,2.640,579,0.4575,166,168,161
10:23:52.705970,51700,600,3.735,585,3.619,496,2.618,610,0.4954,166,168,161
10:23:52.761361,51750,586,3.714,575,3.593,496,2.602,612,0.4978,166,168,161
10:23:52.808507,51800,586,3.699,574,3.571,495,2.587,595,0.4770,166,168,161
10:23:52.866161,51850,591,3.705,592,3.616,510,2.627,575,0.4526,166,168,161
10:23:52.906430,51900,589,3.703,579,3.605,498,2.616,597,0.4795,166,168,161
10:23:52.955947,51950,589,3.701,578,3.593,500,2.614,577,0.4550,166,168,161
10:23:53.008240,52000,602,3.744,591,3.629,501,2.616,606,0.4905,166,168,161
10:23:53.058515,52050,586,3.721,573,3.593,499,2.611,611,0.4966,166,168,161
10:23:53.107508,52100,587,3.707,573,3.568,498,2.604,589,0.4697,166,168,161
10:23:53.156520,52150,590,3.708,585,3.590,509,2.636,566,0.4416,166,168,161
10:23:53.211216,52200,602,3.749,579,3.586,492,2.601,590,0.4709,166,168,161
10:23:53.258923,52250,585,3.721,577,3.576,493,2.580,586,0.4660,166,168,161
10:23:53.307390,52300,600,3.752,586,3.599,510,2.622,597,0.4795,166,168,161
10:23:53.357518,52350,588,3.733,579,3.593,497,2.608,615,0.5015,166,168,161
10:23:53.411088,52400,588,3.720,578,3.584,494,2.588,588,0.4685,166,168,161
10:23:53.455486,52450,585,3.700,576,3.571,505,2.611,562,0.4367,166,168,161
10:23:53.511963,52500,600,3.736,588,3.603,491,2.580,584,0.4636,166,168,161
10:23:53.557489,52550,588,3.722,579,3.595,498,2.582,596,0.4783,166,168,161
10:23:53.607860,52600,595,3.735,591,3.630,510,2.623,586,0.4660,166,168,161
10:23:53.656521,52651,583,3.704,574,3.598,496,2.606,599,0.4819,166,168,161
10:23:53.705201,52700,595,3.723,574,3.574,495,2.590,571,0.4477,166,168,161
10:23:53.758258,52750,583,3.695,579,3.575,500,2.595,564,0.4391,166,168,161
10:23:53.807518,52800,600,3.733,591,3.615,504,2.613,586,0.4660,166,168,161
10:23:53.861712,52850,587,3.716,575,3.591,495,2.595,590,0.4709,166,168,161
10:23:53.909279,52900,590,3.714,588,3.617,508,2.626,570,0.4465,166,168,161
10:23:53.958560,52950,586,3.699,580,3.608,510,2.655,547,0.4184,166,168,161
10:23:54.007895,53000,599,3.733,584,3.616,497,2.632,569,0.4453,166,168,161
10:23:54.066460,53050,588,3.719,577,3.598,495,2.609,573,0.4501,166,168,161
10:23:54.106299,53100,602,3.757,590,3.629,510,2.643,571,0.4477,166,168,161
10:23:54.159237,53150,585,3.727,576,3.604,498,2.627,585,0.4648,166,168,161
10:23:54.208861,53200,587,3.712,581,3.602,511,2.659,571,0.4477,166,168,161
10:23:54.258338,53250,588,3.704,578,3.591,503,2.656,547,0.4184,166,168,161
10:23:54.307266,53300,601,3.743,590,3.624,498,2.636,573,0.4501,166,168,161
10:23:54.356924,53350,583,3.710,576,3.600,496,2.615,573,0.4501,166,168,161
10:23:54.411294,53400,591,3.713,588,3.624,510,2.648,557,0.4306,166,168,161
10:23:54.458219,53450,588,3.705,579,3.610,497,2.627,584,0.4636,166,168,161
10:23:54.508583,53500,588,3.700,579,3.600,506,2.642,565,0.4404,166,168,161
10:23:54.557497,53550,585,3.685,573,3.573,498,2.626,551,0.4233,166,168,161
10:23:54.614649,53600,597,3.716,588,3.604,508,2.649,556,0.4294,166,168,161
10:23:54.658580,53650,581,3.683,577,3.589,499,2.635,568,0.4440,166,168,161
10:23:54.708094,53700,585,3.674,584,3.602,511,2.665,551,0.4233,166,168,161
10:23:54.758286,53750,594,3.697,574,3.578,496,2.636,567,0.4428,166,168,161
10:23:54.807409,53800,586,3.687,573,3.556,496,2.615,570,0.4465,166,168,161
10:23:54.856159,53850,584,3.673,572,3.538,500,2.613,557,0.4306,166,168,161
10:23:54.909212,53900,593,3.693,589,3.582,511,2.650,551,0.4233,166,168,161
10:23:54.959367,53950,585,3.681,574,3.563,494,2.618,570,0.4465,166,168,161
10:23:55.007912,54000,587,3.678,577,3.559,506,2.636,555,0.4282,166,168,161
10:23:55.062415,54050,597,3.711,576,3.554,499,2.625,572,0.4489,166,168,161
10:23:55.110470,54100,584,3.690,575,3.546,500,2.621,581,0.4599,166,168,161
10:23:55.159483,54150,587,3.685,577,3.547,498,2.611,570,0.4465,166,168,161
10:23:55.208319,54200,588,3.685,590,3.592,511,2.648,546,0.4172,166,168,161
10:23:55.265065,54250,588,3.685,574,3.570,493,2.613,562,0.4367,166,168,161
10:23:55.310173,54300,582,3.665,576,3.561,501,2.616,552,0.4245,166,168,161
10:23:55.359584,54350,598,3.704,590,3.602,499,2.611,579,0.4575,166,168,161
10:23:55.409468,54400,599,3.736,591,3.635,512,2.651,547,0.4184,166,168,161
10:23:55.458259,54450,581,3.698,573,3.598,497,2.629,551,0.4233,166,168,161
10:23:55.507289,54500,585,3.684,579,3.592,505,2.641,537,0.4062,166,168,161
10:23:55.560019,54550,598,3.718,576,3.577,499,2.629,561,0.4355,166,168,161
10:23:55.610957,54600,580,3.682,578,3.573,501,2.627,557,0.4306,166,168,161
10:23:55.658165,54650,599,3.720,588,3.604,510,2.656,555,0.4282,166,168,161
10:23:55.714501,54700,592,3.724,588,3.626,509,2.674,517,0.3817,166,168,161
10:23:55.757243,54750,583,3.696,576,3.602,499,2.652,539,0.4086,166,168,161
10:23:55.810209,54800,584,3.679,571,3.567,507,2.664,521,0.3866,166,168,161
10:23:55.859886,54850,600,3.721,583,3.583,496,2.635,544,0.4147,166,168,161
10:23:55.915082,54900,586,3.705,574,3.564,495,2.611,553,0.4257,166,168,161
10:23:55.958272,54950,594,3.719,589,3.601,513,2.655,543,0.4135,166,168,161
10:23:56.007426,55000,583,3.693,583,3.607,512,2.683,513,0.3768,166,168,161
10:23:56.060176,55050,593,3.708,573,3.578,494,2.642,536,0.4049,166,168,161
10:23:56.109099,55100,586,3.694,576,3.567,498,2.626,531,0.3988,166,168,161
10:23:56.158270,55150,596,3.719,586,3.593,505,2.639,540,0.4098,166,168,161
10:23:56.207863,55200,582,3.689,573,3.567,494,2.610,549,0.4208,166,168,161
10:23:56.263117,55250,588,3.688,589,3.603,512,2.651,535,0.4037,166,168,161
10:23:56.310393,55300,586,3.680,578,3.592,512,2.680,514,0.3781,166,168,161
10:23:56.362352,55350,596,3.709,579,3.587,498,2.654,531,0.3988,166,168,161
10:23:56.408378,55400,581,3.678,573,3.563,499,2.638,538,0.4074,166,168,161
10:23:56.462399,55450,597,3.711,588,3.597,514,2.678,539,0.4086,166,168,161
10:23:56.510864,55500,584,3.690,576,3.581,500,2.659,553,0.4257,166,168,161
10:23:56.569978,55550,585,3.678,578,3.576,506,2.665,531,0.3988,166,168,161
10:23:56.609458,55600,585,3.670,573,3.555,503,2.660,515,0.3793,166,168,161
10:23:56.658465,55650,591,3.684,587,3.588,500,2.646,534,0.4025,166,168,161
10:23:56.711429,55700,583,3.667,576,3.574,501,2.639,541,0.4110,166,168,161
10:23:56.760261,55750,593,3.689,587,3.601,511,2.668,523,0.3891,166,168,161
10:23:56.811089,55800,586,3.681,571,3.567,497,2.642,543,0.4135,166,168,161
10:23:56.859803,55851,583,3.665,575,3.555,508,2.660,523,0.3891,166,168,161
10:23:56.912851,55900,583,3.654,574,3.544,502,2.653,520,0.3854,166,168,161
10:23:56.961146,55950,598,3.696,588,3.583,507,2.664,526,0.3927,166,168,161
10:23:57.010275,56000,586,3.686,574,3.564,497,2.639,538,0.4074,166,168,161
10:23:57.060026,56050,581,3.662,582,3.577,513,2.675,514,0.3781,166,168,161
10:23:57.111580,56100,595,3.692,574,3.559,501,2.660,534,0.4025,166,168,161
10:23:57.158490,56150,597,3.721,581,3.570,496,2.633,519,0.3842,166,168,161
10:23:57.211391,56200,585,3.700,577,3.565,501,2.630,528,0.3952,166,168,161
10:23:57.260160,56250,592,3.710,585,3.588,513,2.668,511,0.3744,166,168,161
10:23:57.317172,56300,579,3.672,572,3.561,499,2.648,524,0.3903,166,168,161
10:23:57.358578,56350,580,3.649,577,3.558,514,2.685,510,0.3732,166,168,161
10:23:57.411605,56400,598,3.693,581,3.569,499,2.661,537,0.4062,166,168,161
10:23:57.460940,56450,596,3.717,587,3.598,506,2.667,507,0.3695,166,168,161
10:23:57.510171,56500,581,3.685,570,3.561,500,2.651,515,0.3793,166,168,161
10:23:57.559586,56550,586,3.678,587,3.592,514,2.687,494,0.3536,166,168,161
10:23:57.608613,56600,583,3.663,574,3.570,502,2.672,519,0.3842,166,168,161
